"type","file_name","local_path","website_admin_url","size_mb"
"video","BTS AWARD LIST 2013 - 2023 ✨💜  BTS AWRDS WIN AND NOMINATION LIST_1080p.mp4","BTS AWARD LIST 2013 - 2023 ✨💜  BTS AWRDS WIN AND NOMINATION LIST_1080p.mp4","https://media.githubusercontent.com/media/MehAk-ArmAn/BangTan-imgS/main/BTS%20AWARD%20LIST%202013%20-%202023%20%E2%9C%A8%F0%9F%92%9C%20%20BTS%20AWRDS%20WIN%20AND%20NOMINATION%20LIST_1080p.mp4","32.33"
"video","bts being confused af with tiktok BRAINROT_1080p.mp4","bts being confused af with tiktok BRAINROT_1080p.mp4","https://media.githubusercontent.com/media/MehAk-ArmAn/BangTan-imgS/main/bts%20being%20confused%20af%20with%20tiktok%20BRAINROT_1080p.mp4","23.44"
"video","bts concert but it's a meme - bts the comeback netflix.mp4","bts concert but it's a meme - bts the comeback netflix.mp4","https://media.githubusercontent.com/media/MehAk-ArmAn/BangTan-imgS/main/bts%20concert%20but%20it's%20a%20meme%20-%20bts%20the%20comeback%20netflix.mp4","67.4"
"video","BTS Documentary It Will Give You GOOSEBUMPS (2013-2025)_1080p.mp4","BTS Documentary It Will Give You GOOSEBUMPS (2013-2025)_1080p.mp4","https://media.githubusercontent.com/media/MehAk-ArmAn/BangTan-imgS/main/BTS%20Documentary%20It%20Will%20Give%20You%20GOOSEBUMPS%20(2013-2025)_1080p.mp4","305.32"
"video","BTS Listens to SWIM, 2.0 and NORMAL and Reveals the Meaning Behind Each Song  Tonight Show.mp4","BTS Listens to SWIM, 2.0 and NORMAL and Reveals the Meaning Behind Each Song  Tonight Show.mp4","https://media.githubusercontent.com/media/MehAk-ArmAn/BangTan-imgS/main/BTS%20Listens%20to%20SWIM%2C%202.0%20and%20NORMAL%20and%20Reveals%20the%20Meaning%20Behind%20Each%20Song%20%20Tonight%20Show.mp4","80.18"
"video","BTS' Jin Takes a Lie Detector Test - Vanity Fair.mp4","BTS' Jin Takes a Lie Detector Test - Vanity Fair.mp4","https://media.githubusercontent.com/media/MehAk-ArmAn/BangTan-imgS/main/BTS'%20Jin%20Takes%20a%20Lie%20Detector%20Test%20-%20Vanity%20Fair.mp4","87.44"
"image","BTS.jpeg","BTS.jpeg","https://raw.githubusercontent.com/MehAk-ArmAn/BangTan-imgS/main/BTS.jpeg","0.02"
"video","Can You Guess Every BTS ARIRANG Song 🎵  New Album Quiz_1080p.mp4","Can You Guess Every BTS ARIRANG Song 🎵  New Album Quiz_1080p.mp4","https://media.githubusercontent.com/media/MehAk-ArmAn/BangTan-imgS/main/Can%20You%20Guess%20Every%20BTS%20ARIRANG%20Song%20%F0%9F%8E%B5%20%20New%20Album%20Quiz_1080p.mp4","74.6"
"image","IMG-20260512-WA0007.jpg","IMG-20260512-WA0007.jpg","https://raw.githubusercontent.com/MehAk-ArmAn/BangTan-imgS/main/IMG-20260512-WA0007.jpg","0.12"
"image","Logo.jpeg","Logo.jpeg","https://raw.githubusercontent.com/MehAk-ArmAn/BangTan-imgS/main/Logo.jpeg","0.03"
"image","LoveYourself.jpeg","LoveYourself.jpeg","https://raw.githubusercontent.com/MehAk-ArmAn/BangTan-imgS/main/LoveYourself.jpeg","0.02"
"video","PinLoad__BTS_1778594704711.mp4","PinLoad__BTS_1778594704711.mp4","https://media.githubusercontent.com/media/MehAk-ArmAn/BangTan-imgS/main/PinLoad__BTS_1778594704711.mp4","4.85"
"video","SO I MADE A SONG OUT OF BTS MEMES_1080p.mp4","SO I MADE A SONG OUT OF BTS MEMES_1080p.mp4","https://media.githubusercontent.com/media/MehAk-ArmAn/BangTan-imgS/main/SO%20I%20MADE%20A%20SONG%20OUT%20OF%20BTS%20MEMES_1080p.mp4","80.14"
"video","Subway Olympics with BTS  The Tonight Show Starring Jimmy Fallon_1080p.mp4","Subway Olympics with BTS  The Tonight Show Starring Jimmy Fallon_1080p.mp4","https://media.githubusercontent.com/media/MehAk-ArmAn/BangTan-imgS/main/Subway%20Olympics%20with%20BTS%20%20The%20Tonight%20Show%20Starring%20Jimmy%20Fallon_1080p.mp4","69.01"
"video","VID-20260525-WA0005.mp4","VID-20260525-WA0005.mp4","https://media.githubusercontent.com/media/MehAk-ArmAn/BangTan-imgS/main/VID-20260525-WA0005.mp4","1.28"
"video","[4K] 251031 SUPER TUNA FT JUNGKOOK J-HOPE  💙🎸⚡️ #RUNSEOKJIN_EP.TOUR ENCORE IN INCHEON D1 방탄소년단 진 직캠_1080p.mp4","[4K] 251031 SUPER TUNA FT JUNGKOOK J-HOPE  💙🎸⚡️ #RUNSEOKJIN_EP.TOUR ENCORE IN INCHEON D1 방탄소년단 진 직캠_1080p.mp4","https://media.githubusercontent.com/media/MehAk-ArmAn/BangTan-imgS/main/%5B4K%5D%20251031%20SUPER%20TUNA%20FT%20JUNGKOOK%20J-HOPE%20%20%F0%9F%92%99%F0%9F%8E%B8%E2%9A%A1%EF%B8%8F%20%23RUNSEOKJIN_EP.TOUR%20ENCORE%20IN%20INCHEON%20D1%20%EB%B0%A9%ED%83%84%EC%86%8C%EB%85%84%EB%8B%A8%20%EC%A7%84%20%EC%A7%81%EC%BA%A0_1080p.mp4","164.02"
"video","「ALL 42」BTS DAESANG AWARDS COMPILATION (Update SoBa 2020)_720p.mp4","「ALL 42」BTS DAESANG AWARDS COMPILATION (Update SoBa 2020)_720p.mp4","https://media.githubusercontent.com/media/MehAk-ArmAn/BangTan-imgS/main/%E3%80%8CALL%2042%E3%80%8DBTS%20DAESANG%20AWARDS%20COMPILATION%20(Update%20SoBa%202020)_720p.mp4","180.46"
"image","22ba997760d18ba9ad1d628a7ad0fc74-removebg-preview.png","avatars/22ba997760d18ba9ad1d628a7ad0fc74-removebg-preview.png","https://raw.githubusercontent.com/MehAk-ArmAn/BangTan-imgS/main/avatars/22ba997760d18ba9ad1d628a7ad0fc74-removebg-preview.png","0.17"
"image","28f85038f50040df744d152008ef8477-removebg-preview.png","avatars/28f85038f50040df744d152008ef8477-removebg-preview.png","https://raw.githubusercontent.com/MehAk-ArmAn/BangTan-imgS/main/avatars/28f85038f50040df744d152008ef8477-removebg-preview.png","0.19"
"image","2d5c9bf829909a71ae12c1cce3db67b3-removebg-preview.png","avatars/2d5c9bf829909a71ae12c1cce3db67b3-removebg-preview.png","https://raw.githubusercontent.com/MehAk-ArmAn/BangTan-imgS/main/avatars/2d5c9bf829909a71ae12c1cce3db67b3-removebg-preview.png","0.17"
"image","36fda5fe67689b9f9746e15c8fb8149c-removebg-preview.png","avatars/36fda5fe67689b9f9746e15c8fb8149c-removebg-preview.png","https://raw.githubusercontent.com/MehAk-ArmAn/BangTan-imgS/main/avatars/36fda5fe67689b9f9746e15c8fb8149c-removebg-preview.png","0.13"
"image","45cf6f111fb54d0c784a692cdd027bb8-removebg-preview.png","avatars/45cf6f111fb54d0c784a692cdd027bb8-removebg-preview.png","https://raw.githubusercontent.com/MehAk-ArmAn/BangTan-imgS/main/avatars/45cf6f111fb54d0c784a692cdd027bb8-removebg-preview.png","0.2"
"image","4f1a6d3df941e2155928e5e2dc4383a3-removebg-preview.png","avatars/4f1a6d3df941e2155928e5e2dc4383a3-removebg-preview.png","https://raw.githubusercontent.com/MehAk-ArmAn/BangTan-imgS/main/avatars/4f1a6d3df941e2155928e5e2dc4383a3-removebg-preview.png","0.14"
"image","5160b4afffd0f24354086b68b4de85d6-removebg-preview.png","avatars/5160b4afffd0f24354086b68b4de85d6-removebg-preview.png","https://raw.githubusercontent.com/MehAk-ArmAn/BangTan-imgS/main/avatars/5160b4afffd0f24354086b68b4de85d6-removebg-preview.png","0.17"
"image","68fd72caecf38e0e466a5aeccac02534-removebg-preview.png","avatars/68fd72caecf38e0e466a5aeccac02534-removebg-preview.png","https://raw.githubusercontent.com/MehAk-ArmAn/BangTan-imgS/main/avatars/68fd72caecf38e0e466a5aeccac02534-removebg-preview.png","0.17"
"image","a0ba1876b473ed3e1661cbb78fc1c03b-removebg-preview.png","avatars/a0ba1876b473ed3e1661cbb78fc1c03b-removebg-preview.png","https://raw.githubusercontent.com/MehAk-ArmAn/BangTan-imgS/main/avatars/a0ba1876b473ed3e1661cbb78fc1c03b-removebg-preview.png","0.23"
"image","download__1_-removebg-preview.png","avatars/download__1_-removebg-preview.png","https://raw.githubusercontent.com/MehAk-ArmAn/BangTan-imgS/main/avatars/download__1_-removebg-preview.png","0.11"
"image","download__2_-removebg-preview.png","avatars/download__2_-removebg-preview.png","https://raw.githubusercontent.com/MehAk-ArmAn/BangTan-imgS/main/avatars/download__2_-removebg-preview.png","0.14"
"image","download__3_-removebg-preview.png","avatars/download__3_-removebg-preview.png","https://raw.githubusercontent.com/MehAk-ArmAn/BangTan-imgS/main/avatars/download__3_-removebg-preview.png","0.15"
"image","f78a149ea0beb7aa9804adb0f9d11ffa-removebg-preview.png","avatars/f78a149ea0beb7aa9804adb0f9d11ffa-removebg-preview.png","https://raw.githubusercontent.com/MehAk-ArmAn/BangTan-imgS/main/avatars/f78a149ea0beb7aa9804adb0f9d11ffa-removebg-preview.png","0.19"
"image","Jungkook-PNG-Image.png","avatars/Jungkook-PNG-Image.png","https://raw.githubusercontent.com/MehAk-ArmAn/BangTan-imgS/main/avatars/Jungkook-PNG-Image.png","0.57"
"image","#bt21.jfif","Bt21/#bt21.jfif","https://raw.githubusercontent.com/MehAk-ArmAn/BangTan-imgS/main/Bt21/%23bt21.jfif","0.12"
"image","1.jpg","Bt21/1.jpg","https://raw.githubusercontent.com/MehAk-ArmAn/BangTan-imgS/main/Bt21/1.jpg","0.04"
"image","BT21 (1).jfif","Bt21/BT21 (1).jfif","https://raw.githubusercontent.com/MehAk-ArmAn/BangTan-imgS/main/Bt21/BT21%20(1).jfif","0.12"
"image","BT21.jfif","Bt21/BT21.jfif","https://raw.githubusercontent.com/MehAk-ArmAn/BangTan-imgS/main/Bt21/BT21.jfif","0.13"
"image","bt21.jpg","Bt21/bt21.jpg","https://raw.githubusercontent.com/MehAk-ArmAn/BangTan-imgS/main/Bt21/bt21.jpg","0.02"
"image","BTS21.jfif","Bt21/BTS21.jfif","https://raw.githubusercontent.com/MehAk-ArmAn/BangTan-imgS/main/Bt21/BTS21.jfif","0.22"
"image","CHIMMY.jpg","Bt21/CHIMMY.jpg","https://raw.githubusercontent.com/MehAk-ArmAn/BangTan-imgS/main/Bt21/CHIMMY.jpg","0.14"
"image","COOKY.jfif","Bt21/COOKY.jfif","https://raw.githubusercontent.com/MehAk-ArmAn/BangTan-imgS/main/Bt21/COOKY.jfif","0.14"
"image","COOKY.jpg","Bt21/COOKY.jpg","https://raw.githubusercontent.com/MehAk-ArmAn/BangTan-imgS/main/Bt21/COOKY.jpg","0.11"
"image","download (7).jfif","Bt21/download (7).jfif","https://raw.githubusercontent.com/MehAk-ArmAn/BangTan-imgS/main/Bt21/download%20(7).jfif","0.08"
"image","download (8).jfif","Bt21/download (8).jfif","https://raw.githubusercontent.com/MehAk-ArmAn/BangTan-imgS/main/Bt21/download%20(8).jfif","0.08"
"image","KOYA.jpg","Bt21/KOYA.jpg","https://raw.githubusercontent.com/MehAk-ArmAn/BangTan-imgS/main/Bt21/KOYA.jpg","0.12"
"image","Mang.jpg","Bt21/Mang.jpg","https://raw.githubusercontent.com/MehAk-ArmAn/BangTan-imgS/main/Bt21/Mang.jpg","0.02"
"image","Mang.png","Bt21/Mang.png","https://raw.githubusercontent.com/MehAk-ArmAn/BangTan-imgS/main/Bt21/Mang.png","0.03"
"image","MANGGGG.jpg","Bt21/MANGGGG.jpg","https://raw.githubusercontent.com/MehAk-ArmAn/BangTan-imgS/main/Bt21/MANGGGG.jpg","0.11"
"image","Night stars.webp","Bt21/Night stars.webp","https://raw.githubusercontent.com/MehAk-ArmAn/BangTan-imgS/main/Bt21/Night%20stars.webp","0.05"
"image","Ot7.jpg","Bt21/Ot7.jpg","https://raw.githubusercontent.com/MehAk-ArmAn/BangTan-imgS/main/Bt21/Ot7.jpg","0.06"
"image","RJ.jpg","Bt21/RJ.jpg","https://raw.githubusercontent.com/MehAk-ArmAn/BangTan-imgS/main/Bt21/RJ.jpg","0.11"
"image","SHOOKY.jpg","Bt21/SHOOKY.jpg","https://raw.githubusercontent.com/MehAk-ArmAn/BangTan-imgS/main/Bt21/SHOOKY.jpg","0.1"
"image","TATA.jpg","Bt21/TATA.jpg","https://raw.githubusercontent.com/MehAk-ArmAn/BangTan-imgS/main/Bt21/TATA.jpg","0.14"
"image","Whale - 7.jpg","Bt21/Whale - 7.jpg","https://raw.githubusercontent.com/MehAk-ArmAn/BangTan-imgS/main/Bt21/Whale%20-%207.jpg","0.04"
"image","#bts #bangtan #btsot7 #namjoon #jin #suga #jhope #jimin #taehyung #jungkook.jfif","members/#bts #bangtan #btsot7 #namjoon #jin #suga #jhope #jimin #taehyung #jungkook.jfif","https://raw.githubusercontent.com/MehAk-ArmAn/BangTan-imgS/main/members/%23bts%20%23bangtan%20%23btsot7%20%23namjoon%20%23jin%20%23suga%20%23jhope%20%23jimin%20%23taehyung%20%23jungkook.jfif","0.06"
"image","#bts #kpop #jimin #army #btsarmy #jungkook #suga….jfif","members/#bts #kpop #jimin #army #btsarmy #jungkook #suga….jfif","https://raw.githubusercontent.com/MehAk-ArmAn/BangTan-imgS/main/members/%23bts%20%23kpop%20%23jimin%20%23army%20%23btsarmy%20%23jungkook%20%23suga%E2%80%A6.jfif","0.12"
"image","#bts #wallpaper.jfif","members/#bts #wallpaper.jfif","https://raw.githubusercontent.com/MehAk-ArmAn/BangTan-imgS/main/members/%23bts%20%23wallpaper.jfif","0.15"
"image","#bts.jfif","members/#bts.jfif","https://raw.githubusercontent.com/MehAk-ArmAn/BangTan-imgS/main/members/%23bts.jfif","0.14"
"image","#𝐁𝐓𝐒 _ they're reunited TOGETHER😭💕.jfif","members/#𝐁𝐓𝐒 _ they're reunited TOGETHER😭💕.jfif","https://raw.githubusercontent.com/MehAk-ArmAn/BangTan-imgS/main/members/%23%F0%9D%90%81%F0%9D%90%93%F0%9D%90%92%20_%20they're%20reunited%20TOGETHER%F0%9F%98%AD%F0%9F%92%95.jfif","0.07"
"image","01aef6faea5de24682038a03562f35c4.jpg","members/01aef6faea5de24682038a03562f35c4.jpg","https://raw.githubusercontent.com/MehAk-ArmAn/BangTan-imgS/main/members/01aef6faea5de24682038a03562f35c4.jpg","0.1"
"image","0631f6d9259dcdcfde8bda0b6b7b6d70.jpg","members/0631f6d9259dcdcfde8bda0b6b7b6d70.jpg","https://raw.githubusercontent.com/MehAk-ArmAn/BangTan-imgS/main/members/0631f6d9259dcdcfde8bda0b6b7b6d70.jpg","0.06"
"image","0f7b95a0ba6ca2b912fa1cdd629b3356.jpg","members/0f7b95a0ba6ca2b912fa1cdd629b3356.jpg","https://raw.githubusercontent.com/MehAk-ArmAn/BangTan-imgS/main/members/0f7b95a0ba6ca2b912fa1cdd629b3356.jpg","0.05"
"image","0t7.jpeg","members/0t7.jpeg","https://raw.githubusercontent.com/MehAk-ArmAn/BangTan-imgS/main/members/0t7.jpeg","0.04"
"image","1674a9f648a34285c3e3996135535eab.jpg","members/1674a9f648a34285c3e3996135535eab.jpg","https://raw.githubusercontent.com/MehAk-ArmAn/BangTan-imgS/main/members/1674a9f648a34285c3e3996135535eab.jpg","0.12"
"image","2720310c5c3628b0ec230b7bb1a9a131.jpg","members/2720310c5c3628b0ec230b7bb1a9a131.jpg","https://raw.githubusercontent.com/MehAk-ArmAn/BangTan-imgS/main/members/2720310c5c3628b0ec230b7bb1a9a131.jpg","0.03"
"image","2db3fac974d6d6dfcdef59a04eac1313.jpg","members/2db3fac974d6d6dfcdef59a04eac1313.jpg","https://raw.githubusercontent.com/MehAk-ArmAn/BangTan-imgS/main/members/2db3fac974d6d6dfcdef59a04eac1313.jpg","0.09"
"image","2df9d4bd6f4f80e8ee6980f7bc742582.jpg","members/2df9d4bd6f4f80e8ee6980f7bc742582.jpg","https://raw.githubusercontent.com/MehAk-ArmAn/BangTan-imgS/main/members/2df9d4bd6f4f80e8ee6980f7bc742582.jpg","0.09"
"image","3e26827aeecd7410fdb2066f1940020a.jpg","members/3e26827aeecd7410fdb2066f1940020a.jpg","https://raw.githubusercontent.com/MehAk-ArmAn/BangTan-imgS/main/members/3e26827aeecd7410fdb2066f1940020a.jpg","0.08"
"image","47cc1636866f68fde59934e11aec2679.jpg","members/47cc1636866f68fde59934e11aec2679.jpg","https://raw.githubusercontent.com/MehAk-ArmAn/BangTan-imgS/main/members/47cc1636866f68fde59934e11aec2679.jpg","0.09"
"image","49cb7bd4443d32adb5f4df81cee5e14d.jpg","members/49cb7bd4443d32adb5f4df81cee5e14d.jpg","https://raw.githubusercontent.com/MehAk-ArmAn/BangTan-imgS/main/members/49cb7bd4443d32adb5f4df81cee5e14d.jpg","0.07"
"image","4bf3fa20151a68baa4c88239a846bcd6.jpg","members/4bf3fa20151a68baa4c88239a846bcd6.jpg","https://raw.githubusercontent.com/MehAk-ArmAn/BangTan-imgS/main/members/4bf3fa20151a68baa4c88239a846bcd6.jpg","0.06"
"image","61a8c1680af8992425a6c3a6224dc675.jpg","members/61a8c1680af8992425a6c3a6224dc675.jpg","https://raw.githubusercontent.com/MehAk-ArmAn/BangTan-imgS/main/members/61a8c1680af8992425a6c3a6224dc675.jpg","0.08"
"image","6601566b15e1b27efe9086f7208a1dbb.jpg","members/6601566b15e1b27efe9086f7208a1dbb.jpg","https://raw.githubusercontent.com/MehAk-ArmAn/BangTan-imgS/main/members/6601566b15e1b27efe9086f7208a1dbb.jpg","0.14"
"image","67150e0ec6596dd01e2fb5d1e857bb35.jpg","members/67150e0ec6596dd01e2fb5d1e857bb35.jpg","https://raw.githubusercontent.com/MehAk-ArmAn/BangTan-imgS/main/members/67150e0ec6596dd01e2fb5d1e857bb35.jpg","0.15"
"image","68ba9df9ca0e35193af9d1e016c92135.jpg","members/68ba9df9ca0e35193af9d1e016c92135.jpg","https://raw.githubusercontent.com/MehAk-ArmAn/BangTan-imgS/main/members/68ba9df9ca0e35193af9d1e016c92135.jpg","0.05"
"image","723dd24ec5b8c9a1f0cd440168948e28.jpg","members/723dd24ec5b8c9a1f0cd440168948e28.jpg","https://raw.githubusercontent.com/MehAk-ArmAn/BangTan-imgS/main/members/723dd24ec5b8c9a1f0cd440168948e28.jpg","0.12"
"image","73173cd4b68ba9df2ba3c33aae135fad.jpg","members/73173cd4b68ba9df2ba3c33aae135fad.jpg","https://raw.githubusercontent.com/MehAk-ArmAn/BangTan-imgS/main/members/73173cd4b68ba9df2ba3c33aae135fad.jpg","0.08"
"image","7b4250cfb6980303262944456b2a7bc8.jpg","members/7b4250cfb6980303262944456b2a7bc8.jpg","https://raw.githubusercontent.com/MehAk-ArmAn/BangTan-imgS/main/members/7b4250cfb6980303262944456b2a7bc8.jpg","0.06"
"image","7c83e7efb365c9f2df309f3b47e7d0c8.jpg","members/7c83e7efb365c9f2df309f3b47e7d0c8.jpg","https://raw.githubusercontent.com/MehAk-ArmAn/BangTan-imgS/main/members/7c83e7efb365c9f2df309f3b47e7d0c8.jpg","0.06"
"image","7c83e7efb365c9f2df309f3b47e7d0c8_1.jpg","members/7c83e7efb365c9f2df309f3b47e7d0c8_1.jpg","https://raw.githubusercontent.com/MehAk-ArmAn/BangTan-imgS/main/members/7c83e7efb365c9f2df309f3b47e7d0c8_1.jpg","0.05"
"image","85ffe20cdcb39908c33219709a0ac13c.jpg","members/85ffe20cdcb39908c33219709a0ac13c.jpg","https://raw.githubusercontent.com/MehAk-ArmAn/BangTan-imgS/main/members/85ffe20cdcb39908c33219709a0ac13c.jpg","0.05"
"image","86f0137aeaecae03ace9fec6cfe892cc.jpg","members/86f0137aeaecae03ace9fec6cfe892cc.jpg","https://raw.githubusercontent.com/MehAk-ArmAn/BangTan-imgS/main/members/86f0137aeaecae03ace9fec6cfe892cc.jpg","0.1"
"image","89e6074b99fceb1c261cc527476ff6a4.jpg","members/89e6074b99fceb1c261cc527476ff6a4.jpg","https://raw.githubusercontent.com/MehAk-ArmAn/BangTan-imgS/main/members/89e6074b99fceb1c261cc527476ff6a4.jpg","0.06"
"image","8b09d2ec7c9ed0982ac38c33f88562f9.jpg","members/8b09d2ec7c9ed0982ac38c33f88562f9.jpg","https://raw.githubusercontent.com/MehAk-ArmAn/BangTan-imgS/main/members/8b09d2ec7c9ed0982ac38c33f88562f9.jpg","0.07"
"image","90b8325b639ca01c4543b0956aee2d4f.jpg","members/90b8325b639ca01c4543b0956aee2d4f.jpg","https://raw.githubusercontent.com/MehAk-ArmAn/BangTan-imgS/main/members/90b8325b639ca01c4543b0956aee2d4f.jpg","0.13"
"image","9bd60ef39c57195144cd2da96759d00e.jpg","members/9bd60ef39c57195144cd2da96759d00e.jpg","https://raw.githubusercontent.com/MehAk-ArmAn/BangTan-imgS/main/members/9bd60ef39c57195144cd2da96759d00e.jpg","0.1"
"image","asdertyui.jfif","members/asdertyui.jfif","https://raw.githubusercontent.com/MehAk-ArmAn/BangTan-imgS/main/members/asdertyui.jfif","0.04"
"image","bangtan ! 🤍.jfif","members/bangtan ! 🤍.jfif","https://raw.githubusercontent.com/MehAk-ArmAn/BangTan-imgS/main/members/bangtan%20!%20%F0%9F%A4%8D.jfif","0.15"
"image","bts (1).jfif","members/bts (1).jfif","https://raw.githubusercontent.com/MehAk-ArmAn/BangTan-imgS/main/members/bts%20(1).jfif","0.14"
"image","BTS LOVE YOURSELF TEAR.jfif","members/BTS LOVE YOURSELF TEAR.jfif","https://raw.githubusercontent.com/MehAk-ArmAn/BangTan-imgS/main/members/BTS%20LOVE%20YOURSELF%20TEAR.jfif","0.05"
"image","BTS RED HEADER ✷.jfif","members/BTS RED HEADER ✷.jfif","https://raw.githubusercontent.com/MehAk-ArmAn/BangTan-imgS/main/members/BTS%20RED%20HEADER%20%E2%9C%B7.jfif","0.03"
"image","BTS twitter header edit.jfif","members/BTS twitter header edit.jfif","https://raw.githubusercontent.com/MehAk-ArmAn/BangTan-imgS/main/members/BTS%20twitter%20header%20edit.jfif","0.01"
"image","BTS 💜 ✨️ -Wallpaper.jfif","members/BTS 💜 ✨️ -Wallpaper.jfif","https://raw.githubusercontent.com/MehAk-ArmAn/BangTan-imgS/main/members/BTS%20%F0%9F%92%9C%20%E2%9C%A8%EF%B8%8F%20-Wallpaper.jfif","0.06"
"image","BTS.jfif","members/BTS.jfif","https://raw.githubusercontent.com/MehAk-ArmAn/BangTan-imgS/main/members/BTS.jfif","0.1"
"image","BTS♥️.jfif","members/BTS♥️.jfif","https://raw.githubusercontent.com/MehAk-ArmAn/BangTan-imgS/main/members/BTS%E2%99%A5%EF%B8%8F.jfif","0.08"
"image","cghjk.jfif","members/cghjk.jfif","https://raw.githubusercontent.com/MehAk-ArmAn/BangTan-imgS/main/members/cghjk.jfif","0.02"
"image","collage.jpeg","members/collage.jpeg","https://raw.githubusercontent.com/MehAk-ArmAn/BangTan-imgS/main/members/collage.jpeg","0.28"
"image","download (1).jfif","members/download (1).jfif","https://raw.githubusercontent.com/MehAk-ArmAn/BangTan-imgS/main/members/download%20(1).jfif","0.11"
"image","download (12).jfif","members/download (12).jfif","https://raw.githubusercontent.com/MehAk-ArmAn/BangTan-imgS/main/members/download%20(12).jfif","0.16"
"image","download (2).jfif","members/download (2).jfif","https://raw.githubusercontent.com/MehAk-ArmAn/BangTan-imgS/main/members/download%20(2).jfif","0.1"
"image","download (3).jfif","members/download (3).jfif","https://raw.githubusercontent.com/MehAk-ArmAn/BangTan-imgS/main/members/download%20(3).jfif","0.15"
"image","download (4).jfif","members/download (4).jfif","https://raw.githubusercontent.com/MehAk-ArmAn/BangTan-imgS/main/members/download%20(4).jfif","0.05"
"image","download (5).jfif","members/download (5).jfif","https://raw.githubusercontent.com/MehAk-ArmAn/BangTan-imgS/main/members/download%20(5).jfif","0.07"
"image","download (6).jfif","members/download (6).jfif","https://raw.githubusercontent.com/MehAk-ArmAn/BangTan-imgS/main/members/download%20(6).jfif","0.09"
"image","download.jfif","members/download.jfif","https://raw.githubusercontent.com/MehAk-ArmAn/BangTan-imgS/main/members/download.jfif","0.13"
"image","ff810749d03ab8341077fe2951f36a04.jpg","members/ff810749d03ab8341077fe2951f36a04.jpg","https://raw.githubusercontent.com/MehAk-ArmAn/BangTan-imgS/main/members/ff810749d03ab8341077fe2951f36a04.jpg","0.06"
"image","Love of My Life✨.jfif","members/Love of My Life✨.jfif","https://raw.githubusercontent.com/MehAk-ArmAn/BangTan-imgS/main/members/Love%20of%20My%20Life%E2%9C%A8.jfif","0.04"
"image","Memories from 2016.jfif","members/Memories from 2016.jfif","https://raw.githubusercontent.com/MehAk-ArmAn/BangTan-imgS/main/members/Memories%20from%202016.jfif","0.08"
"image","mjokijuhc.jfif","members/mjokijuhc.jfif","https://raw.githubusercontent.com/MehAk-ArmAn/BangTan-imgS/main/members/mjokijuhc.jfif","0.05"
"image","ot7 photo 💜😭.jfif","members/ot7 photo 💜😭.jfif","https://raw.githubusercontent.com/MehAk-ArmAn/BangTan-imgS/main/members/ot7%20photo%20%F0%9F%92%9C%F0%9F%98%AD.jfif","0.13"
"image","Ot7 wallpaper   (mine).jfif","members/Ot7 wallpaper   (mine).jfif","https://raw.githubusercontent.com/MehAk-ArmAn/BangTan-imgS/main/members/Ot7%20wallpaper%20%20%20(mine).jfif","0.11"
"image","qwsedrftgyhujik.jfif","members/qwsedrftgyhujik.jfif","https://raw.githubusercontent.com/MehAk-ArmAn/BangTan-imgS/main/members/qwsedrftgyhujik.jfif","0.03"
"image","Rapline.jpeg","members/Rapline.jpeg","https://raw.githubusercontent.com/MehAk-ArmAn/BangTan-imgS/main/members/Rapline.jpeg","0.18"
"image","v_jungkook_suga_jin_rm_j_hope_park_ji_min_are_wearing_white_black_coat_suit_sitting_in_red_background_hd_bts.jpg","members/v_jungkook_suga_jin_rm_j_hope_park_ji_min_are_wearing_white_black_coat_suit_sitting_in_red_background_hd_bts.jpg","https://raw.githubusercontent.com/MehAk-ArmAn/BangTan-imgS/main/members/v_jungkook_suga_jin_rm_j_hope_park_ji_min_are_wearing_white_black_coat_suit_sitting_in_red_background_hd_bts.jpg","0.78"
"image","Weverse live 161225.jfif","members/Weverse live 161225.jfif","https://raw.githubusercontent.com/MehAk-ArmAn/BangTan-imgS/main/members/Weverse%20live%20161225.jfif","0.12"
"image","Windows 10 BTS BackGround.jfif","members/Windows 10 BTS BackGround.jfif","https://raw.githubusercontent.com/MehAk-ArmAn/BangTan-imgS/main/members/Windows%2010%20BTS%20BackGround.jfif","0.02"
"image","wp11494503.webp","members/wp11494503.webp","https://raw.githubusercontent.com/MehAk-ArmAn/BangTan-imgS/main/members/wp11494503.webp","0.02"
"image","ּ ֶָ֢_❤︎ˎˊ˗.jfif","members/ּ ֶָ֢_❤︎ˎˊ˗.jfif","https://raw.githubusercontent.com/MehAk-ArmAn/BangTan-imgS/main/members/%D6%BC%20%D6%B6%D6%B8%D6%A2_%E2%9D%A4%EF%B8%8E%CB%8E%CB%8A%CB%97.jfif","0.11"
"image","★.jfif","members/★.jfif","https://raw.githubusercontent.com/MehAk-ArmAn/BangTan-imgS/main/members/%E2%98%85.jfif","0.08"
"image","♡.jfif","members/♡.jfif","https://raw.githubusercontent.com/MehAk-ArmAn/BangTan-imgS/main/members/%E2%99%A1.jfif","0.07"
"image","꒰    𖹭   ꒱      ✿ 💬_     𝓑ts icon !.jfif","members/꒰    𖹭   ꒱      ✿ 💬_     𝓑ts icon !.jfif","https://raw.githubusercontent.com/MehAk-ArmAn/BangTan-imgS/main/members/%EA%92%B0%20%20%20%20%F0%96%B9%AD%20%20%20%EA%92%B1%20%20%20%20%20%20%E2%9C%BF%20%F0%9F%92%AC_%20%20%20%20%20%F0%9D%93%91ts%20icon%20!.jfif","0.05"
"image","𓆩 ♡ 𓆪.jfif","members/𓆩 ♡ 𓆪.jfif","https://raw.githubusercontent.com/MehAk-ArmAn/BangTan-imgS/main/members/%F0%93%86%A9%20%E2%99%A1%20%F0%93%86%AA.jfif","0.06"
"image","41a077a8198c70910e3810b726d3df3d.jpg","members/j-hope/41a077a8198c70910e3810b726d3df3d.jpg","https://raw.githubusercontent.com/MehAk-ArmAn/BangTan-imgS/main/members/j-hope/41a077a8198c70910e3810b726d3df3d.jpg","0.15"
"image","6311403cf7950a073fc51cb8421527cd.jpg","members/j-hope/6311403cf7950a073fc51cb8421527cd.jpg","https://raw.githubusercontent.com/MehAk-ArmAn/BangTan-imgS/main/members/j-hope/6311403cf7950a073fc51cb8421527cd.jpg","0.14"
"image","7caa242c071a761111cc5d88e4889096.jpg","members/j-hope/7caa242c071a761111cc5d88e4889096.jpg","https://raw.githubusercontent.com/MehAk-ArmAn/BangTan-imgS/main/members/j-hope/7caa242c071a761111cc5d88e4889096.jpg","0.07"
"image","8ab88674aa6fd6f18ad725773a3fa557.jpg","members/j-hope/8ab88674aa6fd6f18ad725773a3fa557.jpg","https://raw.githubusercontent.com/MehAk-ArmAn/BangTan-imgS/main/members/j-hope/8ab88674aa6fd6f18ad725773a3fa557.jpg","0.05"
"image","Hope.jpeg","members/j-hope/Hope.jpeg","https://raw.githubusercontent.com/MehAk-ArmAn/BangTan-imgS/main/members/j-hope/Hope.jpeg","0.09"
"image","IMG-20260520-WA0014.jpg","members/j-hope/IMG-20260520-WA0014.jpg","https://raw.githubusercontent.com/MehAk-ArmAn/BangTan-imgS/main/members/j-hope/IMG-20260520-WA0014.jpg","0.1"
"video","_jhope_[Video]_in_2025___Jhope_cute,_J-hope_photoshoot,_Army_girlfriend_style_7.mp4","members/j-hope/_jhope_[Video]_in_2025___Jhope_cute,_J-hope_photoshoot,_Army_girlfriend_style_7.mp4","https://media.githubusercontent.com/media/MehAk-ArmAn/BangTan-imgS/main/members/j-hope/_jhope_%5BVideo%5D_in_2025___Jhope_cute%2C_J-hope_photoshoot%2C_Army_girlfriend_style_7.mp4","2.25"
"video","_jhope_[Video]_in_2025___Jungkook_s_abs,_Snap_dance,_J-hope_video_3.mp4","members/j-hope/_jhope_[Video]_in_2025___Jungkook_s_abs,_Snap_dance,_J-hope_video_3.mp4","https://media.githubusercontent.com/media/MehAk-ArmAn/BangTan-imgS/main/members/j-hope/_jhope_%5BVideo%5D_in_2025___Jungkook_s_abs%2C_Snap_dance%2C_J-hope_video_3.mp4","2.26"
"image","02da5c19193ef9d08ea912f3cc31c8e7.jpg","members/jimin/02da5c19193ef9d08ea912f3cc31c8e7.jpg","https://raw.githubusercontent.com/MehAk-ArmAn/BangTan-imgS/main/members/jimin/02da5c19193ef9d08ea912f3cc31c8e7.jpg","0.02"
"image","217b61509d782f592bc426ee42339a32.gif","members/jimin/217b61509d782f592bc426ee42339a32.gif","https://raw.githubusercontent.com/MehAk-ArmAn/BangTan-imgS/main/members/jimin/217b61509d782f592bc426ee42339a32.gif","1.81"
"image","2ba9876c30426767bbbaaef1b09f1bcd.gif","members/jimin/2ba9876c30426767bbbaaef1b09f1bcd.gif","https://raw.githubusercontent.com/MehAk-ArmAn/BangTan-imgS/main/members/jimin/2ba9876c30426767bbbaaef1b09f1bcd.gif","9.13"
"image","370575f669e9e5c2c1efed15414191ce.gif","members/jimin/370575f669e9e5c2c1efed15414191ce.gif","https://raw.githubusercontent.com/MehAk-ArmAn/BangTan-imgS/main/members/jimin/370575f669e9e5c2c1efed15414191ce.gif","7.48"
"image","47f6bc5eb0003bd7de6a48f17361792e.jpg","members/jimin/47f6bc5eb0003bd7de6a48f17361792e.jpg","https://raw.githubusercontent.com/MehAk-ArmAn/BangTan-imgS/main/members/jimin/47f6bc5eb0003bd7de6a48f17361792e.jpg","0.03"
"image","6f01655c9f281011cf13843a5a3427a6.jpg","members/jimin/6f01655c9f281011cf13843a5a3427a6.jpg","https://raw.githubusercontent.com/MehAk-ArmAn/BangTan-imgS/main/members/jimin/6f01655c9f281011cf13843a5a3427a6.jpg","0.09"
"image","731f48fe643dcc50d316ac48d190cc11.jpg","members/jimin/731f48fe643dcc50d316ac48d190cc11.jpg","https://raw.githubusercontent.com/MehAk-ArmAn/BangTan-imgS/main/members/jimin/731f48fe643dcc50d316ac48d190cc11.jpg","0.07"
"image","7fad8c9a7769003d038f3e576a533b35.gif","members/jimin/7fad8c9a7769003d038f3e576a533b35.gif","https://raw.githubusercontent.com/MehAk-ArmAn/BangTan-imgS/main/members/jimin/7fad8c9a7769003d038f3e576a533b35.gif","2.3"
"image","867fb59cbecbd03c5b8d16038426c278.jpg","members/jimin/867fb59cbecbd03c5b8d16038426c278.jpg","https://raw.githubusercontent.com/MehAk-ArmAn/BangTan-imgS/main/members/jimin/867fb59cbecbd03c5b8d16038426c278.jpg","0.09"
"image","89cf11df4125b3675f93c4930c71461e.jpg","members/jimin/89cf11df4125b3675f93c4930c71461e.jpg","https://raw.githubusercontent.com/MehAk-ArmAn/BangTan-imgS/main/members/jimin/89cf11df4125b3675f93c4930c71461e.jpg","0.02"
"image","991cdb79174277850fad782d5b2c1e3f.jpg","members/jimin/991cdb79174277850fad782d5b2c1e3f.jpg","https://raw.githubusercontent.com/MehAk-ArmAn/BangTan-imgS/main/members/jimin/991cdb79174277850fad782d5b2c1e3f.jpg","0.08"
"image","a751a4902ba8dfc65ae2f7a06f8e44ad.jpg","members/jimin/a751a4902ba8dfc65ae2f7a06f8e44ad.jpg","https://raw.githubusercontent.com/MehAk-ArmAn/BangTan-imgS/main/members/jimin/a751a4902ba8dfc65ae2f7a06f8e44ad.jpg","0.04"
"image","a7870704b40da5a8385b937f52bfb62e.jpg","members/jimin/a7870704b40da5a8385b937f52bfb62e.jpg","https://raw.githubusercontent.com/MehAk-ArmAn/BangTan-imgS/main/members/jimin/a7870704b40da5a8385b937f52bfb62e.jpg","0.06"
"image","IMG-20260520-WA0014.jpg","members/jimin/IMG-20260520-WA0014.jpg","https://raw.githubusercontent.com/MehAk-ArmAn/BangTan-imgS/main/members/jimin/IMG-20260520-WA0014.jpg","0.1"
"image","JIMIN red dark.jpeg","members/jimin/JIMIN red dark.jpeg","https://raw.githubusercontent.com/MehAk-ArmAn/BangTan-imgS/main/members/jimin/JIMIN%20red%20dark.jpeg","0.02"
"image","Screenshot_2024-10-18-13-22-30-510_com.google.android.googlequicksearchbox-edit.jpg","members/jimin/Screenshot_2024-10-18-13-22-30-510_com.google.android.googlequicksearchbox-edit.jpg","https://raw.githubusercontent.com/MehAk-ArmAn/BangTan-imgS/main/members/jimin/Screenshot_2024-10-18-13-22-30-510_com.google.android.googlequicksearchbox-edit.jpg","0.37"
"image","Screenshot_2024-10-18-13-23-27-426_com.google.android.googlequicksearchbox-edit.jpg","members/jimin/Screenshot_2024-10-18-13-23-27-426_com.google.android.googlequicksearchbox-edit.jpg","https://raw.githubusercontent.com/MehAk-ArmAn/BangTan-imgS/main/members/jimin/Screenshot_2024-10-18-13-23-27-426_com.google.android.googlequicksearchbox-edit.jpg","0.25"
"image","• J I M I N •.jfif","members/jimin/• J I M I N •.jfif","https://raw.githubusercontent.com/MehAk-ArmAn/BangTan-imgS/main/members/jimin/%E2%80%A2%20J%20I%20M%20I%20N%20%E2%80%A2.jfif","0.15"
"image","↳ ❝ [jimin] ¡! ❞.jpeg","members/jimin/↳ ❝ [jimin] ¡! ❞.jpeg","https://raw.githubusercontent.com/MehAk-ArmAn/BangTan-imgS/main/members/jimin/%E2%86%B3%20%E2%9D%9D%20%5Bjimin%5D%20%C2%A1!%20%E2%9D%9E.jpeg","0.01"
"image","1.jpeg","members/jin/1.jpeg","https://raw.githubusercontent.com/MehAk-ArmAn/BangTan-imgS/main/members/jin/1.jpeg","0.06"
"image","2025073014450134.jpg","members/jin/2025073014450134.jpg","https://raw.githubusercontent.com/MehAk-ArmAn/BangTan-imgS/main/members/jin/2025073014450134.jpg","0.68"
"image","2025073014454356.jpg","members/jin/2025073014454356.jpg","https://raw.githubusercontent.com/MehAk-ArmAn/BangTan-imgS/main/members/jin/2025073014454356.jpg","0.56"
"image","2025073014471750.jpg","members/jin/2025073014471750.jpg","https://raw.githubusercontent.com/MehAk-ArmAn/BangTan-imgS/main/members/jin/2025073014471750.jpg","0.82"
"image","2a61821f1ffef02b404239563976d012.jpg","members/jin/2a61821f1ffef02b404239563976d012.jpg","https://raw.githubusercontent.com/MehAk-ArmAn/BangTan-imgS/main/members/jin/2a61821f1ffef02b404239563976d012.jpg","0.08"
"image","2c2a2fd5df577c8d7cedfa5413010042.jpg","members/jin/2c2a2fd5df577c8d7cedfa5413010042.jpg","https://raw.githubusercontent.com/MehAk-ArmAn/BangTan-imgS/main/members/jin/2c2a2fd5df577c8d7cedfa5413010042.jpg","0.05"
"image","633e5b9c38604e4ee98fb57923b8a126.jpg","members/jin/633e5b9c38604e4ee98fb57923b8a126.jpg","https://raw.githubusercontent.com/MehAk-ArmAn/BangTan-imgS/main/members/jin/633e5b9c38604e4ee98fb57923b8a126.jpg","0.02"
"image","742459b0d16dbbd65bcfd4889070a4a5.jpg","members/jin/742459b0d16dbbd65bcfd4889070a4a5.jpg","https://raw.githubusercontent.com/MehAk-ArmAn/BangTan-imgS/main/members/jin/742459b0d16dbbd65bcfd4889070a4a5.jpg","0.04"
"image","8903dead3b7fc454cc26067bac40b7a0.gif","members/jin/8903dead3b7fc454cc26067bac40b7a0.gif","https://raw.githubusercontent.com/MehAk-ArmAn/BangTan-imgS/main/members/jin/8903dead3b7fc454cc26067bac40b7a0.gif","0.41"
"image","9daa9f3d73c4c43088a08262578c8522.gif","members/jin/9daa9f3d73c4c43088a08262578c8522.gif","https://raw.githubusercontent.com/MehAk-ArmAn/BangTan-imgS/main/members/jin/9daa9f3d73c4c43088a08262578c8522.gif","11.45"
"image","a67149dbffc8581e8078fee0e8df9920.jpg","members/jin/a67149dbffc8581e8078fee0e8df9920.jpg","https://raw.githubusercontent.com/MehAk-ArmAn/BangTan-imgS/main/members/jin/a67149dbffc8581e8078fee0e8df9920.jpg","0.05"
"image","a6d257a2e12f60195e8fa8e91d4c7e21.jpg","members/jin/a6d257a2e12f60195e8fa8e91d4c7e21.jpg","https://raw.githubusercontent.com/MehAk-ArmAn/BangTan-imgS/main/members/jin/a6d257a2e12f60195e8fa8e91d4c7e21.jpg","0.02"
"image","IMG-20260520-WA0014.jpg","members/jin/IMG-20260520-WA0014.jpg","https://raw.githubusercontent.com/MehAk-ArmAn/BangTan-imgS/main/members/jin/IMG-20260520-WA0014.jpg","0.1"
"image","Jin Fan Art _ Creditos @lynahcz.jfif","members/jin/Jin Fan Art _ Creditos @lynahcz.jfif","https://raw.githubusercontent.com/MehAk-ArmAn/BangTan-imgS/main/members/jin/Jin%20Fan%20Art%20_%20Creditos%20%40lynahcz.jfif","0.11"
"image","Jin Super Tuna.jfif","members/jin/Jin Super Tuna.jfif","https://raw.githubusercontent.com/MehAk-ArmAn/BangTan-imgS/main/members/jin/Jin%20Super%20Tuna.jfif","0.08"
"image","Screenshot_2024-12-02-08-32-41-730_com.google.android.googlequicksearchbox-edit.jpg","members/jin/Screenshot_2024-12-02-08-32-41-730_com.google.android.googlequicksearchbox-edit.jpg","https://raw.githubusercontent.com/MehAk-ArmAn/BangTan-imgS/main/members/jin/Screenshot_2024-12-02-08-32-41-730_com.google.android.googlequicksearchbox-edit.jpg","0.18"
"image","Screenshot_2024-12-02-08-34-45-458_com.google.android.googlequicksearchbox-edit.jpg","members/jin/Screenshot_2024-12-02-08-34-45-458_com.google.android.googlequicksearchbox-edit.jpg","https://raw.githubusercontent.com/MehAk-ArmAn/BangTan-imgS/main/members/jin/Screenshot_2024-12-02-08-34-45-458_com.google.android.googlequicksearchbox-edit.jpg","0.71"
"image","Screenshot_2024-12-02-08-35-28-756_com.google.android.googlequicksearchbox-edit.jpg","members/jin/Screenshot_2024-12-02-08-35-28-756_com.google.android.googlequicksearchbox-edit.jpg","https://raw.githubusercontent.com/MehAk-ArmAn/BangTan-imgS/main/members/jin/Screenshot_2024-12-02-08-35-28-756_com.google.android.googlequicksearchbox-edit.jpg","0.58"
"image","Screenshot_2024-12-02-08-36-13-390_com.google.android.googlequicksearchbox-edit.jpg","members/jin/Screenshot_2024-12-02-08-36-13-390_com.google.android.googlequicksearchbox-edit.jpg","https://raw.githubusercontent.com/MehAk-ArmAn/BangTan-imgS/main/members/jin/Screenshot_2024-12-02-08-36-13-390_com.google.android.googlequicksearchbox-edit.jpg","0.57"
"image","Screenshot_2024-12-02-08-37-16-605_com.google.android.googlequicksearchbox-edit.jpg","members/jin/Screenshot_2024-12-02-08-37-16-605_com.google.android.googlequicksearchbox-edit.jpg","https://raw.githubusercontent.com/MehAk-ArmAn/BangTan-imgS/main/members/jin/Screenshot_2024-12-02-08-37-16-605_com.google.android.googlequicksearchbox-edit.jpg","0.53"
"image","Screenshot_2024-12-02-08-37-42-927_com.google.android.googlequicksearchbox-edit.jpg","members/jin/Screenshot_2024-12-02-08-37-42-927_com.google.android.googlequicksearchbox-edit.jpg","https://raw.githubusercontent.com/MehAk-ArmAn/BangTan-imgS/main/members/jin/Screenshot_2024-12-02-08-37-42-927_com.google.android.googlequicksearchbox-edit.jpg","0.49"
"image","Screenshot_2024-12-02-08-37-54-297_com.google.android.googlequicksearchbox-edit.jpg","members/jin/Screenshot_2024-12-02-08-37-54-297_com.google.android.googlequicksearchbox-edit.jpg","https://raw.githubusercontent.com/MehAk-ArmAn/BangTan-imgS/main/members/jin/Screenshot_2024-12-02-08-37-54-297_com.google.android.googlequicksearchbox-edit.jpg","0.48"
"image","Seokjin.jpeg","members/jin/Seokjin.jpeg","https://raw.githubusercontent.com/MehAk-ArmAn/BangTan-imgS/main/members/jin/Seokjin.jpeg","0.06"
"image","015fe02c6062c8807d0887421ed46fdd.jpg","members/jk/015fe02c6062c8807d0887421ed46fdd.jpg","https://raw.githubusercontent.com/MehAk-ArmAn/BangTan-imgS/main/members/jk/015fe02c6062c8807d0887421ed46fdd.jpg","0.03"
"image","0360307ab59e06e4657963963b390182.jpg","members/jk/0360307ab59e06e4657963963b390182.jpg","https://raw.githubusercontent.com/MehAk-ArmAn/BangTan-imgS/main/members/jk/0360307ab59e06e4657963963b390182.jpg","0.05"
"image","051232b1cc803f37ce46fa7ad353f1eb.jpg","members/jk/051232b1cc803f37ce46fa7ad353f1eb.jpg","https://raw.githubusercontent.com/MehAk-ArmAn/BangTan-imgS/main/members/jk/051232b1cc803f37ce46fa7ad353f1eb.jpg","0.05"
"image","09e465378ec6ecb384bed5c4fc605e78.jpg","members/jk/09e465378ec6ecb384bed5c4fc605e78.jpg","https://raw.githubusercontent.com/MehAk-ArmAn/BangTan-imgS/main/members/jk/09e465378ec6ecb384bed5c4fc605e78.jpg","0.06"
"image","0a7019004f21a28d033952e3dd2ffa67.jpg","members/jk/0a7019004f21a28d033952e3dd2ffa67.jpg","https://raw.githubusercontent.com/MehAk-ArmAn/BangTan-imgS/main/members/jk/0a7019004f21a28d033952e3dd2ffa67.jpg","0.05"
"image","0ee7cec9d53c6f26c01cd22322b62b78.jpg","members/jk/0ee7cec9d53c6f26c01cd22322b62b78.jpg","https://raw.githubusercontent.com/MehAk-ArmAn/BangTan-imgS/main/members/jk/0ee7cec9d53c6f26c01cd22322b62b78.jpg","0.09"
"image","0f29cfdeee3f662d1c1828313be6ccca.jpg","members/jk/0f29cfdeee3f662d1c1828313be6ccca.jpg","https://raw.githubusercontent.com/MehAk-ArmAn/BangTan-imgS/main/members/jk/0f29cfdeee3f662d1c1828313be6ccca.jpg","0.05"
"image","1.jpeg","members/jk/1.jpeg","https://raw.githubusercontent.com/MehAk-ArmAn/BangTan-imgS/main/members/jk/1.jpeg","0.02"
"image","137f1da7c9d46478c8ef9ad1226b1b0b.jpg","members/jk/137f1da7c9d46478c8ef9ad1226b1b0b.jpg","https://raw.githubusercontent.com/MehAk-ArmAn/BangTan-imgS/main/members/jk/137f1da7c9d46478c8ef9ad1226b1b0b.jpg","0.07"
"image","154005df7ee3d255628b0881ea6819ba.jpg","members/jk/154005df7ee3d255628b0881ea6819ba.jpg","https://raw.githubusercontent.com/MehAk-ArmAn/BangTan-imgS/main/members/jk/154005df7ee3d255628b0881ea6819ba.jpg","0.06"
"image","2.jpeg","members/jk/2.jpeg","https://raw.githubusercontent.com/MehAk-ArmAn/BangTan-imgS/main/members/jk/2.jpeg","0.04"
"image","2a9338f86b3d7d8d655ad0ee29d54dc6.jpg","members/jk/2a9338f86b3d7d8d655ad0ee29d54dc6.jpg","https://raw.githubusercontent.com/MehAk-ArmAn/BangTan-imgS/main/members/jk/2a9338f86b3d7d8d655ad0ee29d54dc6.jpg","0.05"
"image","2ad8e4abfc0c297aa76d0790df98dd5e.jpg","members/jk/2ad8e4abfc0c297aa76d0790df98dd5e.jpg","https://raw.githubusercontent.com/MehAk-ArmAn/BangTan-imgS/main/members/jk/2ad8e4abfc0c297aa76d0790df98dd5e.jpg","0.12"
"image","2b897b3738f2613ed2515e64b8763c97.jpg","members/jk/2b897b3738f2613ed2515e64b8763c97.jpg","https://raw.githubusercontent.com/MehAk-ArmAn/BangTan-imgS/main/members/jk/2b897b3738f2613ed2515e64b8763c97.jpg","0.07"
"image","2c3b06d2dac0f1b99f745f009628f234.jpg","members/jk/2c3b06d2dac0f1b99f745f009628f234.jpg","https://raw.githubusercontent.com/MehAk-ArmAn/BangTan-imgS/main/members/jk/2c3b06d2dac0f1b99f745f009628f234.jpg","0.07"
"image","2df1ab47c251381e5022d79c3d08ea16.jpg","members/jk/2df1ab47c251381e5022d79c3d08ea16.jpg","https://raw.githubusercontent.com/MehAk-ArmAn/BangTan-imgS/main/members/jk/2df1ab47c251381e5022d79c3d08ea16.jpg","0.03"
"image","2e7c045838c23dfaf93281c18e4142f3.jpg","members/jk/2e7c045838c23dfaf93281c18e4142f3.jpg","https://raw.githubusercontent.com/MehAk-ArmAn/BangTan-imgS/main/members/jk/2e7c045838c23dfaf93281c18e4142f3.jpg","0.04"
"image","2f20e289ef7e504a5663a21ca0bf7091.jpg","members/jk/2f20e289ef7e504a5663a21ca0bf7091.jpg","https://raw.githubusercontent.com/MehAk-ArmAn/BangTan-imgS/main/members/jk/2f20e289ef7e504a5663a21ca0bf7091.jpg","0.02"
"image","30a5f9eadd87ed2f6b18292022041a82.jpg","members/jk/30a5f9eadd87ed2f6b18292022041a82.jpg","https://raw.githubusercontent.com/MehAk-ArmAn/BangTan-imgS/main/members/jk/30a5f9eadd87ed2f6b18292022041a82.jpg","0.07"
"image","3205ac403e8d759adc00290ad0b73170.jpg","members/jk/3205ac403e8d759adc00290ad0b73170.jpg","https://raw.githubusercontent.com/MehAk-ArmAn/BangTan-imgS/main/members/jk/3205ac403e8d759adc00290ad0b73170.jpg","0.02"
"image","4857f9e1274bb6e63d112f5039dcb9ee.jpg","members/jk/4857f9e1274bb6e63d112f5039dcb9ee.jpg","https://raw.githubusercontent.com/MehAk-ArmAn/BangTan-imgS/main/members/jk/4857f9e1274bb6e63d112f5039dcb9ee.jpg","0.02"
"image","51649f0e732bddef214f73a19fc1edb2.jpg","members/jk/51649f0e732bddef214f73a19fc1edb2.jpg","https://raw.githubusercontent.com/MehAk-ArmAn/BangTan-imgS/main/members/jk/51649f0e732bddef214f73a19fc1edb2.jpg","0.04"
"image","53ca43d72060efbf717b41e60bc15c2a.jpg","members/jk/53ca43d72060efbf717b41e60bc15c2a.jpg","https://raw.githubusercontent.com/MehAk-ArmAn/BangTan-imgS/main/members/jk/53ca43d72060efbf717b41e60bc15c2a.jpg","0.08"
"image","587209e1b08cf6f815918d714069f919.jpg","members/jk/587209e1b08cf6f815918d714069f919.jpg","https://raw.githubusercontent.com/MehAk-ArmAn/BangTan-imgS/main/members/jk/587209e1b08cf6f815918d714069f919.jpg","0.02"
"image","5892d0643e1e91dfdffefe7632a48210.jpg","members/jk/5892d0643e1e91dfdffefe7632a48210.jpg","https://raw.githubusercontent.com/MehAk-ArmAn/BangTan-imgS/main/members/jk/5892d0643e1e91dfdffefe7632a48210.jpg","0.03"
"image","5d606564957babfa761fbc1435dc9d29.jpg","members/jk/5d606564957babfa761fbc1435dc9d29.jpg","https://raw.githubusercontent.com/MehAk-ArmAn/BangTan-imgS/main/members/jk/5d606564957babfa761fbc1435dc9d29.jpg","0.06"
"image","67a2c5557ab58110d317dc4c8615abc5.jpg","members/jk/67a2c5557ab58110d317dc4c8615abc5.jpg","https://raw.githubusercontent.com/MehAk-ArmAn/BangTan-imgS/main/members/jk/67a2c5557ab58110d317dc4c8615abc5.jpg","0.1"
"image","6892065c4ef2b7a25cc83265156cca9f.jpg","members/jk/6892065c4ef2b7a25cc83265156cca9f.jpg","https://raw.githubusercontent.com/MehAk-ArmAn/BangTan-imgS/main/members/jk/6892065c4ef2b7a25cc83265156cca9f.jpg","0.08"
"image","6e3ecafd41d6b20490113596e844117d.jpg","members/jk/6e3ecafd41d6b20490113596e844117d.jpg","https://raw.githubusercontent.com/MehAk-ArmAn/BangTan-imgS/main/members/jk/6e3ecafd41d6b20490113596e844117d.jpg","0.14"
"image","6f099ba5167292c2d2fd192f6cccce3b.gif","members/jk/6f099ba5167292c2d2fd192f6cccce3b.gif","https://raw.githubusercontent.com/MehAk-ArmAn/BangTan-imgS/main/members/jk/6f099ba5167292c2d2fd192f6cccce3b.gif","3.91"
"image","77d6bbbe703bfb757fc8442d41217cfd.jpg","members/jk/77d6bbbe703bfb757fc8442d41217cfd.jpg","https://raw.githubusercontent.com/MehAk-ArmAn/BangTan-imgS/main/members/jk/77d6bbbe703bfb757fc8442d41217cfd.jpg","0.08"
"image","79d9197ac7cd3e87eeb1b63f6a8c0ecd.jpg","members/jk/79d9197ac7cd3e87eeb1b63f6a8c0ecd.jpg","https://raw.githubusercontent.com/MehAk-ArmAn/BangTan-imgS/main/members/jk/79d9197ac7cd3e87eeb1b63f6a8c0ecd.jpg","0.07"
"image","7d3468f3dc1563fd2b32dfac8713d74f.jpg","members/jk/7d3468f3dc1563fd2b32dfac8713d74f.jpg","https://raw.githubusercontent.com/MehAk-ArmAn/BangTan-imgS/main/members/jk/7d3468f3dc1563fd2b32dfac8713d74f.jpg","0.04"
"image","87ded87bfb6e1552e005866c267dcb21.jpg","members/jk/87ded87bfb6e1552e005866c267dcb21.jpg","https://raw.githubusercontent.com/MehAk-ArmAn/BangTan-imgS/main/members/jk/87ded87bfb6e1552e005866c267dcb21.jpg","0.07"
"image","8d7fe2bb3bb5bd4111691ec46fb8cf76.jpg","members/jk/8d7fe2bb3bb5bd4111691ec46fb8cf76.jpg","https://raw.githubusercontent.com/MehAk-ArmAn/BangTan-imgS/main/members/jk/8d7fe2bb3bb5bd4111691ec46fb8cf76.jpg","0.06"
"image","9383ef6a0b7e71a7e623b5b9282a83fc.jpg","members/jk/9383ef6a0b7e71a7e623b5b9282a83fc.jpg","https://raw.githubusercontent.com/MehAk-ArmAn/BangTan-imgS/main/members/jk/9383ef6a0b7e71a7e623b5b9282a83fc.jpg","0.05"
"image","93d1408338c569c27b1139ffaaba191f.jpg","members/jk/93d1408338c569c27b1139ffaaba191f.jpg","https://raw.githubusercontent.com/MehAk-ArmAn/BangTan-imgS/main/members/jk/93d1408338c569c27b1139ffaaba191f.jpg","0.03"
"image","a5ab0f9ee9a2a228ecc43be49a47c52e.jpg","members/jk/a5ab0f9ee9a2a228ecc43be49a47c52e.jpg","https://raw.githubusercontent.com/MehAk-ArmAn/BangTan-imgS/main/members/jk/a5ab0f9ee9a2a228ecc43be49a47c52e.jpg","0.06"
"image","a82d6ba8d07af9108c4e785e82a1775b.jpg","members/jk/a82d6ba8d07af9108c4e785e82a1775b.jpg","https://raw.githubusercontent.com/MehAk-ArmAn/BangTan-imgS/main/members/jk/a82d6ba8d07af9108c4e785e82a1775b.jpg","0.04"
"image","download (9).jfif","members/jk/download (9).jfif","https://raw.githubusercontent.com/MehAk-ArmAn/BangTan-imgS/main/members/jk/download%20(9).jfif","0.15"
"image","IMG-20260520-WA0014.jpg","members/jk/IMG-20260520-WA0014.jpg","https://raw.githubusercontent.com/MehAk-ArmAn/BangTan-imgS/main/members/jk/IMG-20260520-WA0014.jpg","0.1"
"video","jungkook is the funniest gamer.mp4","members/jk/jungkook is the funniest gamer.mp4","https://media.githubusercontent.com/media/MehAk-ArmAn/BangTan-imgS/main/members/jk/jungkook%20is%20the%20funniest%20gamer.mp4","77.17"
"image","Screenshot_2024-10-26-15-46-59-611_com.google.android.googlequicksearchbox-edit.jpg","members/jk/Screenshot_2024-10-26-15-46-59-611_com.google.android.googlequicksearchbox-edit.jpg","https://raw.githubusercontent.com/MehAk-ArmAn/BangTan-imgS/main/members/jk/Screenshot_2024-10-26-15-46-59-611_com.google.android.googlequicksearchbox-edit.jpg","0.31"
"image","07e8b59354bdf57238b0fa9339959ecb.jpg","members/rm/07e8b59354bdf57238b0fa9339959ecb.jpg","https://raw.githubusercontent.com/MehAk-ArmAn/BangTan-imgS/main/members/rm/07e8b59354bdf57238b0fa9339959ecb.jpg","0.04"
"image","152a1f3985b2c999ea1acb9652ca6be0.jpg","members/rm/152a1f3985b2c999ea1acb9652ca6be0.jpg","https://raw.githubusercontent.com/MehAk-ArmAn/BangTan-imgS/main/members/rm/152a1f3985b2c999ea1acb9652ca6be0.jpg","0.02"
"image","7d6ed509d6aa09324448064170fe6dda.jpg","members/rm/7d6ed509d6aa09324448064170fe6dda.jpg","https://raw.githubusercontent.com/MehAk-ArmAn/BangTan-imgS/main/members/rm/7d6ed509d6aa09324448064170fe6dda.jpg","0.06"
"image","IMG-20260520-WA0014.jpg","members/rm/IMG-20260520-WA0014.jpg","https://raw.githubusercontent.com/MehAk-ArmAn/BangTan-imgS/main/members/rm/IMG-20260520-WA0014.jpg","0.1"
"image","joon.jpeg","members/rm/joon.jpeg","https://raw.githubusercontent.com/MehAk-ArmAn/BangTan-imgS/main/members/rm/joon.jpeg","0.03"
"image","02ca86e264ce3867dc2f74f20de9e817.jpg","members/suga/02ca86e264ce3867dc2f74f20de9e817.jpg","https://raw.githubusercontent.com/MehAk-ArmAn/BangTan-imgS/main/members/suga/02ca86e264ce3867dc2f74f20de9e817.jpg","0.08"
"image","08f752ed0acc257394483b50f91d88b0.jpg","members/suga/08f752ed0acc257394483b50f91d88b0.jpg","https://raw.githubusercontent.com/MehAk-ArmAn/BangTan-imgS/main/members/suga/08f752ed0acc257394483b50f91d88b0.jpg","0.09"
"image","156192eaf7e5831253fd98dce736d56c.jpg","members/suga/156192eaf7e5831253fd98dce736d56c.jpg","https://raw.githubusercontent.com/MehAk-ArmAn/BangTan-imgS/main/members/suga/156192eaf7e5831253fd98dce736d56c.jpg","0.07"
"image","2b342959531ecc4077691ecf2c042bc3.jpg","members/suga/2b342959531ecc4077691ecf2c042bc3.jpg","https://raw.githubusercontent.com/MehAk-ArmAn/BangTan-imgS/main/members/suga/2b342959531ecc4077691ecf2c042bc3.jpg","0.01"
"image","2da796ea8a21cb9c6ba099ea8ee6d5da.jpg","members/suga/2da796ea8a21cb9c6ba099ea8ee6d5da.jpg","https://raw.githubusercontent.com/MehAk-ArmAn/BangTan-imgS/main/members/suga/2da796ea8a21cb9c6ba099ea8ee6d5da.jpg","0.11"
"image","39a739815321aaf992aa425dffb6cb7a.jpg","members/suga/39a739815321aaf992aa425dffb6cb7a.jpg","https://raw.githubusercontent.com/MehAk-ArmAn/BangTan-imgS/main/members/suga/39a739815321aaf992aa425dffb6cb7a.jpg","0.08"
"image","3a6cd031f6ea77af2f293d2641ccf218.jpg","members/suga/3a6cd031f6ea77af2f293d2641ccf218.jpg","https://raw.githubusercontent.com/MehAk-ArmAn/BangTan-imgS/main/members/suga/3a6cd031f6ea77af2f293d2641ccf218.jpg","0.13"
"image","47549a5ab97529b51eea0ba36b7e50e1.jpg","members/suga/47549a5ab97529b51eea0ba36b7e50e1.jpg","https://raw.githubusercontent.com/MehAk-ArmAn/BangTan-imgS/main/members/suga/47549a5ab97529b51eea0ba36b7e50e1.jpg","0.02"
"image","4daa3b4b8beb592eb0017247a1c41362.jpg","members/suga/4daa3b4b8beb592eb0017247a1c41362.jpg","https://raw.githubusercontent.com/MehAk-ArmAn/BangTan-imgS/main/members/suga/4daa3b4b8beb592eb0017247a1c41362.jpg","0.07"
"image","52a92a83adac89604edc917793a349e6.jpg","members/suga/52a92a83adac89604edc917793a349e6.jpg","https://raw.githubusercontent.com/MehAk-ArmAn/BangTan-imgS/main/members/suga/52a92a83adac89604edc917793a349e6.jpg","0.11"
"image","56cd2d79783628ac2643aa52041e03d3.jpg","members/suga/56cd2d79783628ac2643aa52041e03d3.jpg","https://raw.githubusercontent.com/MehAk-ArmAn/BangTan-imgS/main/members/suga/56cd2d79783628ac2643aa52041e03d3.jpg","0.1"
"image","74bcf11cd17bf3020714683cc9ef30bb.jpg","members/suga/74bcf11cd17bf3020714683cc9ef30bb.jpg","https://raw.githubusercontent.com/MehAk-ArmAn/BangTan-imgS/main/members/suga/74bcf11cd17bf3020714683cc9ef30bb.jpg","0.07"
"image","7c17304dcfee4f794311152ada03c675.jpg","members/suga/7c17304dcfee4f794311152ada03c675.jpg","https://raw.githubusercontent.com/MehAk-ArmAn/BangTan-imgS/main/members/suga/7c17304dcfee4f794311152ada03c675.jpg","0.06"
"image","8426813f97b9fe78e256c87dcd2d796a.jpg","members/suga/8426813f97b9fe78e256c87dcd2d796a.jpg","https://raw.githubusercontent.com/MehAk-ArmAn/BangTan-imgS/main/members/suga/8426813f97b9fe78e256c87dcd2d796a.jpg","0.08"
"image","8a2da67009c692285d8dec54bade1119.jpg","members/suga/8a2da67009c692285d8dec54bade1119.jpg","https://raw.githubusercontent.com/MehAk-ArmAn/BangTan-imgS/main/members/suga/8a2da67009c692285d8dec54bade1119.jpg","0.05"
"image","aa6f8f4bda81568f22216aa8da87fe77.jpg","members/suga/aa6f8f4bda81568f22216aa8da87fe77.jpg","https://raw.githubusercontent.com/MehAk-ArmAn/BangTan-imgS/main/members/suga/aa6f8f4bda81568f22216aa8da87fe77.jpg","0.12"
"image","download (11).jfif","members/suga/download (11).jfif","https://raw.githubusercontent.com/MehAk-ArmAn/BangTan-imgS/main/members/suga/download%20(11).jfif","0.14"
"image","IMG-20260520-WA0014.jpg","members/suga/IMG-20260520-WA0014.jpg","https://raw.githubusercontent.com/MehAk-ArmAn/BangTan-imgS/main/members/suga/IMG-20260520-WA0014.jpg","0.1"
"image","IMG-20260520-WA0014.jpg","members/Taekook/IMG-20260520-WA0014.jpg","https://raw.githubusercontent.com/MehAk-ArmAn/BangTan-imgS/main/members/Taekook/IMG-20260520-WA0014.jpg","0.1"
"image","089ef87051f39b2afc59967eebaa977c.jpg","members/v/089ef87051f39b2afc59967eebaa977c.jpg","https://raw.githubusercontent.com/MehAk-ArmAn/BangTan-imgS/main/members/v/089ef87051f39b2afc59967eebaa977c.jpg","0.07"
"image","0eb1f323c50471aa1765863e128cfb20.jpg","members/v/0eb1f323c50471aa1765863e128cfb20.jpg","https://raw.githubusercontent.com/MehAk-ArmAn/BangTan-imgS/main/members/v/0eb1f323c50471aa1765863e128cfb20.jpg","0.04"
"image","1.jpeg","members/v/1.jpeg","https://raw.githubusercontent.com/MehAk-ArmAn/BangTan-imgS/main/members/v/1.jpeg","0.11"
"image","146a2a344b2912e4e160fd0410240479.jpg","members/v/146a2a344b2912e4e160fd0410240479.jpg","https://raw.githubusercontent.com/MehAk-ArmAn/BangTan-imgS/main/members/v/146a2a344b2912e4e160fd0410240479.jpg","0.05"
"image","2.jpeg","members/v/2.jpeg","https://raw.githubusercontent.com/MehAk-ArmAn/BangTan-imgS/main/members/v/2.jpeg","0.06"
"image","2025040115580517.jpg","members/v/2025040115580517.jpg","https://raw.githubusercontent.com/MehAk-ArmAn/BangTan-imgS/main/members/v/2025040115580517.jpg","0.61"
"image","2025040116005517.jpg","members/v/2025040116005517.jpg","https://raw.githubusercontent.com/MehAk-ArmAn/BangTan-imgS/main/members/v/2025040116005517.jpg","0.62"
"image","24c403a4c225299728425db6a0713b8c (1).jpg","members/v/24c403a4c225299728425db6a0713b8c (1).jpg","https://raw.githubusercontent.com/MehAk-ArmAn/BangTan-imgS/main/members/v/24c403a4c225299728425db6a0713b8c%20(1).jpg","0.12"
"image","252fe7102fa13ff70fd81358cfc8d0d4.jpg","members/v/252fe7102fa13ff70fd81358cfc8d0d4.jpg","https://raw.githubusercontent.com/MehAk-ArmAn/BangTan-imgS/main/members/v/252fe7102fa13ff70fd81358cfc8d0d4.jpg","0.02"
"image","2d79ca0a0d62a7dd521a6191a711efc3.jpg","members/v/2d79ca0a0d62a7dd521a6191a711efc3.jpg","https://raw.githubusercontent.com/MehAk-ArmAn/BangTan-imgS/main/members/v/2d79ca0a0d62a7dd521a6191a711efc3.jpg","0.05"
"image","33e791c37815fdb7d6e636bd9319dd32.jpg","members/v/33e791c37815fdb7d6e636bd9319dd32.jpg","https://raw.githubusercontent.com/MehAk-ArmAn/BangTan-imgS/main/members/v/33e791c37815fdb7d6e636bd9319dd32.jpg","0.05"
"image","3441a0021f718837c386754e67f1c965.jpg","members/v/3441a0021f718837c386754e67f1c965.jpg","https://raw.githubusercontent.com/MehAk-ArmAn/BangTan-imgS/main/members/v/3441a0021f718837c386754e67f1c965.jpg","0.05"
"image","39315102ef98742ed606959230002188.jpg","members/v/39315102ef98742ed606959230002188.jpg","https://raw.githubusercontent.com/MehAk-ArmAn/BangTan-imgS/main/members/v/39315102ef98742ed606959230002188.jpg","0.04"
"image","439f9bf347a6a3b4404ae9462f13d098.jpg","members/v/439f9bf347a6a3b4404ae9462f13d098.jpg","https://raw.githubusercontent.com/MehAk-ArmAn/BangTan-imgS/main/members/v/439f9bf347a6a3b4404ae9462f13d098.jpg","0.05"
"image","4bce77b5fb6c14ab85019c6233a4663f.jpg","members/v/4bce77b5fb6c14ab85019c6233a4663f.jpg","https://raw.githubusercontent.com/MehAk-ArmAn/BangTan-imgS/main/members/v/4bce77b5fb6c14ab85019c6233a4663f.jpg","0.12"
"image","4c706ab2d3b9a91dd6ecc1cb0bfb3fcb.jpg","members/v/4c706ab2d3b9a91dd6ecc1cb0bfb3fcb.jpg","https://raw.githubusercontent.com/MehAk-ArmAn/BangTan-imgS/main/members/v/4c706ab2d3b9a91dd6ecc1cb0bfb3fcb.jpg","0.07"
"image","536bb29ffb3bb74f059e307b0374bdef.jpg","members/v/536bb29ffb3bb74f059e307b0374bdef.jpg","https://raw.githubusercontent.com/MehAk-ArmAn/BangTan-imgS/main/members/v/536bb29ffb3bb74f059e307b0374bdef.jpg","0.04"
"image","5a06810a59e0928cbc5e060bff952b4a.jpg","members/v/5a06810a59e0928cbc5e060bff952b4a.jpg","https://raw.githubusercontent.com/MehAk-ArmAn/BangTan-imgS/main/members/v/5a06810a59e0928cbc5e060bff952b4a.jpg","0.03"
"image","6026114ae1bb50c90352117255a239fc.jpg","members/v/6026114ae1bb50c90352117255a239fc.jpg","https://raw.githubusercontent.com/MehAk-ArmAn/BangTan-imgS/main/members/v/6026114ae1bb50c90352117255a239fc.jpg","0.04"
"image","6692fdcf76c066b9e88025edfc35a681.gif","members/v/6692fdcf76c066b9e88025edfc35a681.gif","https://raw.githubusercontent.com/MehAk-ArmAn/BangTan-imgS/main/members/v/6692fdcf76c066b9e88025edfc35a681.gif","2.08"
"image","6ed7ca00aa96a42a818d99990f3a9a0d.jpg","members/v/6ed7ca00aa96a42a818d99990f3a9a0d.jpg","https://raw.githubusercontent.com/MehAk-ArmAn/BangTan-imgS/main/members/v/6ed7ca00aa96a42a818d99990f3a9a0d.jpg","0.05"
"image","71197e304cb513334368772cfcf73ea9.jpg","members/v/71197e304cb513334368772cfcf73ea9.jpg","https://raw.githubusercontent.com/MehAk-ArmAn/BangTan-imgS/main/members/v/71197e304cb513334368772cfcf73ea9.jpg","0.11"
"image","723f7deaf316496109634791f5ad93a8.jpg","members/v/723f7deaf316496109634791f5ad93a8.jpg","https://raw.githubusercontent.com/MehAk-ArmAn/BangTan-imgS/main/members/v/723f7deaf316496109634791f5ad93a8.jpg","0.13"
"image","9c1b3dc3b383a4512089ae93b4d838af.jpg","members/v/9c1b3dc3b383a4512089ae93b4d838af.jpg","https://raw.githubusercontent.com/MehAk-ArmAn/BangTan-imgS/main/members/v/9c1b3dc3b383a4512089ae93b4d838af.jpg","0.03"
"image","a7f51fe677776359e5f0ea8b7b748d6a.jpg","members/v/a7f51fe677776359e5f0ea8b7b748d6a.jpg","https://raw.githubusercontent.com/MehAk-ArmAn/BangTan-imgS/main/members/v/a7f51fe677776359e5f0ea8b7b748d6a.jpg","0.05"
"image","download (10).jfif","members/v/download (10).jfif","https://raw.githubusercontent.com/MehAk-ArmAn/BangTan-imgS/main/members/v/download%20(10).jfif","0.14"
"image","IMG-20260520-WA0014.jpg","members/v/IMG-20260520-WA0014.jpg","https://raw.githubusercontent.com/MehAk-ArmAn/BangTan-imgS/main/members/v/IMG-20260520-WA0014.jpg","0.1"
"image","Screenshot_2024-12-25-13-47-24-721_com.google.android.googlequicksearchbox-edit.jpg","members/v/Screenshot_2024-12-25-13-47-24-721_com.google.android.googlequicksearchbox-edit.jpg","https://raw.githubusercontent.com/MehAk-ArmAn/BangTan-imgS/main/members/v/Screenshot_2024-12-25-13-47-24-721_com.google.android.googlequicksearchbox-edit.jpg","0.53"
"image","Screenshot_2024-12-25-13-47-42-825_com.google.android.googlequicksearchbox-edit.jpg","members/v/Screenshot_2024-12-25-13-47-42-825_com.google.android.googlequicksearchbox-edit.jpg","https://raw.githubusercontent.com/MehAk-ArmAn/BangTan-imgS/main/members/v/Screenshot_2024-12-25-13-47-42-825_com.google.android.googlequicksearchbox-edit.jpg","0.55"
"image","Screenshot_2024-12-25-13-48-15-400_com.google.android.googlequicksearchbox-edit.jpg","members/v/Screenshot_2024-12-25-13-48-15-400_com.google.android.googlequicksearchbox-edit.jpg","https://raw.githubusercontent.com/MehAk-ArmAn/BangTan-imgS/main/members/v/Screenshot_2024-12-25-13-48-15-400_com.google.android.googlequicksearchbox-edit.jpg","0.45"
"image","Screenshot_2024-12-25-13-48-45-486_com.google.android.googlequicksearchbox-edit.jpg","members/v/Screenshot_2024-12-25-13-48-45-486_com.google.android.googlequicksearchbox-edit.jpg","https://raw.githubusercontent.com/MehAk-ArmAn/BangTan-imgS/main/members/v/Screenshot_2024-12-25-13-48-45-486_com.google.android.googlequicksearchbox-edit.jpg","0.53"
"image","Screenshot_2024-12-25-13-49-15-431_com.google.android.googlequicksearchbox-edit.jpg","members/v/Screenshot_2024-12-25-13-49-15-431_com.google.android.googlequicksearchbox-edit.jpg","https://raw.githubusercontent.com/MehAk-ArmAn/BangTan-imgS/main/members/v/Screenshot_2024-12-25-13-49-15-431_com.google.android.googlequicksearchbox-edit.jpg","0.55"
"image","Screenshot_2024-12-25-13-49-39-760_com.google.android.googlequicksearchbox-edit.jpg","members/v/Screenshot_2024-12-25-13-49-39-760_com.google.android.googlequicksearchbox-edit.jpg","https://raw.githubusercontent.com/MehAk-ArmAn/BangTan-imgS/main/members/v/Screenshot_2024-12-25-13-49-39-760_com.google.android.googlequicksearchbox-edit.jpg","0.42"
"image","Screenshot_2024-12-25-13-50-38-060_com.google.android.googlequicksearchbox-edit.jpg","members/v/Screenshot_2024-12-25-13-50-38-060_com.google.android.googlequicksearchbox-edit.jpg","https://raw.githubusercontent.com/MehAk-ArmAn/BangTan-imgS/main/members/v/Screenshot_2024-12-25-13-50-38-060_com.google.android.googlequicksearchbox-edit.jpg","0.33"
"image","IMG-20260507-WA0008.jpg","Mexico Palace/IMG-20260507-WA0008.jpg","https://raw.githubusercontent.com/MehAk-ArmAn/BangTan-imgS/main/Mexico%20Palace/IMG-20260507-WA0008.jpg","0.06"
"image","IMG-20260507-WA0009.jpg","Mexico Palace/IMG-20260507-WA0009.jpg","https://raw.githubusercontent.com/MehAk-ArmAn/BangTan-imgS/main/Mexico%20Palace/IMG-20260507-WA0009.jpg","0.25"
"image","IMG-20260507-WA0010.jpg","Mexico Palace/IMG-20260507-WA0010.jpg","https://raw.githubusercontent.com/MehAk-ArmAn/BangTan-imgS/main/Mexico%20Palace/IMG-20260507-WA0010.jpg","0.16"
"image","IMG-20260507-WA0014.jpg","Mexico Palace/IMG-20260507-WA0014.jpg","https://raw.githubusercontent.com/MehAk-ArmAn/BangTan-imgS/main/Mexico%20Palace/IMG-20260507-WA0014.jpg","0.4"
"image","IMG-20260507-WA0018.jpg","Mexico Palace/IMG-20260507-WA0018.jpg","https://raw.githubusercontent.com/MehAk-ArmAn/BangTan-imgS/main/Mexico%20Palace/IMG-20260507-WA0018.jpg","0.12"
"image","IMG-20260507-WA0019.jpg","Mexico Palace/IMG-20260507-WA0019.jpg","https://raw.githubusercontent.com/MehAk-ArmAn/BangTan-imgS/main/Mexico%20Palace/IMG-20260507-WA0019.jpg","0.14"
"image","IMG-20260507-WA0021.jpg","Mexico Palace/IMG-20260507-WA0021.jpg","https://raw.githubusercontent.com/MehAk-ArmAn/BangTan-imgS/main/Mexico%20Palace/IMG-20260507-WA0021.jpg","0.07"
"image","IMG-20260507-WA0025.jpg","Mexico Palace/IMG-20260507-WA0025.jpg","https://raw.githubusercontent.com/MehAk-ArmAn/BangTan-imgS/main/Mexico%20Palace/IMG-20260507-WA0025.jpg","0.17"
"image","IMG-20260507-WA0026.jpg","Mexico Palace/IMG-20260507-WA0026.jpg","https://raw.githubusercontent.com/MehAk-ArmAn/BangTan-imgS/main/Mexico%20Palace/IMG-20260507-WA0026.jpg","0.23"
"image","IMG-20260507-WA0027.jpg","Mexico Palace/IMG-20260507-WA0027.jpg","https://raw.githubusercontent.com/MehAk-ArmAn/BangTan-imgS/main/Mexico%20Palace/IMG-20260507-WA0027.jpg","0.07"
"image","IMG-20260507-WA0028.jpg","Mexico Palace/IMG-20260507-WA0028.jpg","https://raw.githubusercontent.com/MehAk-ArmAn/BangTan-imgS/main/Mexico%20Palace/IMG-20260507-WA0028.jpg","0.25"
"image","IMG-20260507-WA0031.jpg","Mexico Palace/IMG-20260507-WA0031.jpg","https://raw.githubusercontent.com/MehAk-ArmAn/BangTan-imgS/main/Mexico%20Palace/IMG-20260507-WA0031.jpg","0.27"
"image","IMG-20260507-WA0032.jpg","Mexico Palace/IMG-20260507-WA0032.jpg","https://raw.githubusercontent.com/MehAk-ArmAn/BangTan-imgS/main/Mexico%20Palace/IMG-20260507-WA0032.jpg","0.18"
"image","IMG-20260507-WA0034.jpg","Mexico Palace/IMG-20260507-WA0034.jpg","https://raw.githubusercontent.com/MehAk-ArmAn/BangTan-imgS/main/Mexico%20Palace/IMG-20260507-WA0034.jpg","0.21"
"image","IMG-20260507-WA0036.jpg","Mexico Palace/IMG-20260507-WA0036.jpg","https://raw.githubusercontent.com/MehAk-ArmAn/BangTan-imgS/main/Mexico%20Palace/IMG-20260507-WA0036.jpg","0.15"
"image","IMG-20260507-WA0038.jpg","Mexico Palace/IMG-20260507-WA0038.jpg","https://raw.githubusercontent.com/MehAk-ArmAn/BangTan-imgS/main/Mexico%20Palace/IMG-20260507-WA0038.jpg","0.14"
"image","IMG-20260507-WA0044.jpg","Mexico Palace/IMG-20260507-WA0044.jpg","https://raw.githubusercontent.com/MehAk-ArmAn/BangTan-imgS/main/Mexico%20Palace/IMG-20260507-WA0044.jpg","0.26"
"image","IMG-20260507-WA0045.jpg","Mexico Palace/IMG-20260507-WA0045.jpg","https://raw.githubusercontent.com/MehAk-ArmAn/BangTan-imgS/main/Mexico%20Palace/IMG-20260507-WA0045.jpg","0.28"
"image","IMG-20260507-WA0046.jpg","Mexico Palace/IMG-20260507-WA0046.jpg","https://raw.githubusercontent.com/MehAk-ArmAn/BangTan-imgS/main/Mexico%20Palace/IMG-20260507-WA0046.jpg","0.18"
"image","IMG-20260507-WA0047.jpg","Mexico Palace/IMG-20260507-WA0047.jpg","https://raw.githubusercontent.com/MehAk-ArmAn/BangTan-imgS/main/Mexico%20Palace/IMG-20260507-WA0047.jpg","0.19"
"image","IMG-20260507-WA0049.jpg","Mexico Palace/IMG-20260507-WA0049.jpg","https://raw.githubusercontent.com/MehAk-ArmAn/BangTan-imgS/main/Mexico%20Palace/IMG-20260507-WA0049.jpg","0.08"
"image","IMG-20260507-WA0050.jpg","Mexico Palace/IMG-20260507-WA0050.jpg","https://raw.githubusercontent.com/MehAk-ArmAn/BangTan-imgS/main/Mexico%20Palace/IMG-20260507-WA0050.jpg","0.06"
"image","IMG-20260507-WA0053.jpg","Mexico Palace/IMG-20260507-WA0053.jpg","https://raw.githubusercontent.com/MehAk-ArmAn/BangTan-imgS/main/Mexico%20Palace/IMG-20260507-WA0053.jpg","0.16"
"image","IMG-20260507-WA0054.jpg","Mexico Palace/IMG-20260507-WA0054.jpg","https://raw.githubusercontent.com/MehAk-ArmAn/BangTan-imgS/main/Mexico%20Palace/IMG-20260507-WA0054.jpg","0.12"
"image","IMG-20260507-WA0055.jpg","Mexico Palace/IMG-20260507-WA0055.jpg","https://raw.githubusercontent.com/MehAk-ArmAn/BangTan-imgS/main/Mexico%20Palace/IMG-20260507-WA0055.jpg","0.06"
"image","IMG-20260507-WA0056.jpg","Mexico Palace/IMG-20260507-WA0056.jpg","https://raw.githubusercontent.com/MehAk-ArmAn/BangTan-imgS/main/Mexico%20Palace/IMG-20260507-WA0056.jpg","0.25"
"image","IMG-20260507-WA0057.jpg","Mexico Palace/IMG-20260507-WA0057.jpg","https://raw.githubusercontent.com/MehAk-ArmAn/BangTan-imgS/main/Mexico%20Palace/IMG-20260507-WA0057.jpg","0.12"
"image","IMG-20260507-WA0058.jpg","Mexico Palace/IMG-20260507-WA0058.jpg","https://raw.githubusercontent.com/MehAk-ArmAn/BangTan-imgS/main/Mexico%20Palace/IMG-20260507-WA0058.jpg","0.07"
"image","IMG-20260507-WA0059.jpg","Mexico Palace/IMG-20260507-WA0059.jpg","https://raw.githubusercontent.com/MehAk-ArmAn/BangTan-imgS/main/Mexico%20Palace/IMG-20260507-WA0059.jpg","0.23"
"image","IMG-20260507-WA0061.jpg","Mexico Palace/IMG-20260507-WA0061.jpg","https://raw.githubusercontent.com/MehAk-ArmAn/BangTan-imgS/main/Mexico%20Palace/IMG-20260507-WA0061.jpg","0.2"
"image","IMG-20260507-WA0062.jpg","Mexico Palace/IMG-20260507-WA0062.jpg","https://raw.githubusercontent.com/MehAk-ArmAn/BangTan-imgS/main/Mexico%20Palace/IMG-20260507-WA0062.jpg","0.21"
"image","IMG-20260507-WA0063.jpg","Mexico Palace/IMG-20260507-WA0063.jpg","https://raw.githubusercontent.com/MehAk-ArmAn/BangTan-imgS/main/Mexico%20Palace/IMG-20260507-WA0063.jpg","0.23"
"image","IMG-20260507-WA0065.jpg","Mexico Palace/IMG-20260507-WA0065.jpg","https://raw.githubusercontent.com/MehAk-ArmAn/BangTan-imgS/main/Mexico%20Palace/IMG-20260507-WA0065.jpg","0.27"
"image","IMG-20260507-WA0067.jpg","Mexico Palace/IMG-20260507-WA0067.jpg","https://raw.githubusercontent.com/MehAk-ArmAn/BangTan-imgS/main/Mexico%20Palace/IMG-20260507-WA0067.jpg","0.38"
"image","IMG-20260507-WA0068.jpg","Mexico Palace/IMG-20260507-WA0068.jpg","https://raw.githubusercontent.com/MehAk-ArmAn/BangTan-imgS/main/Mexico%20Palace/IMG-20260507-WA0068.jpg","0.13"
"image","IMG-20260507-WA0072.jpg","Mexico Palace/IMG-20260507-WA0072.jpg","https://raw.githubusercontent.com/MehAk-ArmAn/BangTan-imgS/main/Mexico%20Palace/IMG-20260507-WA0072.jpg","0.39"
"image","IMG-20260507-WA0075.jpg","Mexico Palace/IMG-20260507-WA0075.jpg","https://raw.githubusercontent.com/MehAk-ArmAn/BangTan-imgS/main/Mexico%20Palace/IMG-20260507-WA0075.jpg","0.35"
"image","IMG-20260507-WA0076.jpg","Mexico Palace/IMG-20260507-WA0076.jpg","https://raw.githubusercontent.com/MehAk-ArmAn/BangTan-imgS/main/Mexico%20Palace/IMG-20260507-WA0076.jpg","0.07"
"image","IMG-20260507-WA0077.jpg","Mexico Palace/IMG-20260507-WA0077.jpg","https://raw.githubusercontent.com/MehAk-ArmAn/BangTan-imgS/main/Mexico%20Palace/IMG-20260507-WA0077.jpg","0.39"
"image","1000121963.jpeg","updates/1000121963.jpeg","https://raw.githubusercontent.com/MehAk-ArmAn/BangTan-imgS/main/updates/1000121963.jpeg","0.16"
"image","IMG-20260524-WA0000.jpg","updates/IMG-20260524-WA0000.jpg","https://raw.githubusercontent.com/MehAk-ArmAn/BangTan-imgS/main/updates/IMG-20260524-WA0000.jpg","0.16"
"image","IMG-20260524-WA0007.jpg","updates/IMG-20260524-WA0007.jpg","https://raw.githubusercontent.com/MehAk-ArmAn/BangTan-imgS/main/updates/IMG-20260524-WA0007.jpg","0.18"
"image","IMG-20260524-WA0008.jpg","updates/IMG-20260524-WA0008.jpg","https://raw.githubusercontent.com/MehAk-ArmAn/BangTan-imgS/main/updates/IMG-20260524-WA0008.jpg","0.15"
"image","IMG-20260524-WA0009.jpg","updates/IMG-20260524-WA0009.jpg","https://raw.githubusercontent.com/MehAk-ArmAn/BangTan-imgS/main/updates/IMG-20260524-WA0009.jpg","0.13"
"image","IMG-20260524-WA0010.jpg","updates/IMG-20260524-WA0010.jpg","https://raw.githubusercontent.com/MehAk-ArmAn/BangTan-imgS/main/updates/IMG-20260524-WA0010.jpg","0.17"
"image","IMG-20260525-WA0001.jpg","updates/IMG-20260525-WA0001.jpg","https://raw.githubusercontent.com/MehAk-ArmAn/BangTan-imgS/main/updates/IMG-20260525-WA0001.jpg","0.05"
"image","IMG-20260526-WA0003.jpg","updates/IMG-20260526-WA0003.jpg","https://raw.githubusercontent.com/MehAk-ArmAn/BangTan-imgS/main/updates/IMG-20260526-WA0003.jpg","0.1"
"image","IMG-20260527-WA0010.jpg","updates/IMG-20260527-WA0010.jpg","https://raw.githubusercontent.com/MehAk-ArmAn/BangTan-imgS/main/updates/IMG-20260527-WA0010.jpg","0.02"
"image","IMG-20260527-WA0013.jpg","updates/IMG-20260527-WA0013.jpg","https://raw.githubusercontent.com/MehAk-ArmAn/BangTan-imgS/main/updates/IMG-20260527-WA0013.jpg","0.28"
"image","IMG-20260527-WA0020.jpg","updates/IMG-20260527-WA0020.jpg","https://raw.githubusercontent.com/MehAk-ArmAn/BangTan-imgS/main/updates/IMG-20260527-WA0020.jpg","0.15"
"image","IMG-20260527-WA0022(1).jpg","updates/IMG-20260527-WA0022(1).jpg","https://raw.githubusercontent.com/MehAk-ArmAn/BangTan-imgS/main/updates/IMG-20260527-WA0022(1).jpg","0.18"
"image","IMG-20260527-WA0022.jpg","updates/IMG-20260527-WA0022.jpg","https://raw.githubusercontent.com/MehAk-ArmAn/BangTan-imgS/main/updates/IMG-20260527-WA0022.jpg","0.18"
"image","IMG-20260527-WA0023.jpg","updates/IMG-20260527-WA0023.jpg","https://raw.githubusercontent.com/MehAk-ArmAn/BangTan-imgS/main/updates/IMG-20260527-WA0023.jpg","0.17"
"image","IMG-20260527-WA0025.jpg","updates/IMG-20260527-WA0025.jpg","https://raw.githubusercontent.com/MehAk-ArmAn/BangTan-imgS/main/updates/IMG-20260527-WA0025.jpg","0.12"
"image","IMG-20260527-WA0028.jpg","updates/IMG-20260527-WA0028.jpg","https://raw.githubusercontent.com/MehAk-ArmAn/BangTan-imgS/main/updates/IMG-20260527-WA0028.jpg","0.19"
"image","IMG-20260527-WA0029.jpg","updates/IMG-20260527-WA0029.jpg","https://raw.githubusercontent.com/MehAk-ArmAn/BangTan-imgS/main/updates/IMG-20260527-WA0029.jpg","0.19"
"image","IMG-20260527-WA0030.jpg","updates/IMG-20260527-WA0030.jpg","https://raw.githubusercontent.com/MehAk-ArmAn/BangTan-imgS/main/updates/IMG-20260527-WA0030.jpg","0.18"
"video","VID-20260527-WA0011.mp4","updates/VID-20260527-WA0011.mp4","https://media.githubusercontent.com/media/MehAk-ArmAn/BangTan-imgS/main/updates/VID-20260527-WA0011.mp4","3.42"
"video","VID-20260527-WA0014.mp4","updates/VID-20260527-WA0014.mp4","https://media.githubusercontent.com/media/MehAk-ArmAn/BangTan-imgS/main/updates/VID-20260527-WA0014.mp4","1.25"
"video","VID-20260527-WA0021.mp4","updates/VID-20260527-WA0021.mp4","https://media.githubusercontent.com/media/MehAk-ArmAn/BangTan-imgS/main/updates/VID-20260527-WA0021.mp4","3.73"
"video","VID-20260527-WA0026.mp4","updates/VID-20260527-WA0026.mp4","https://media.githubusercontent.com/media/MehAk-ArmAn/BangTan-imgS/main/updates/VID-20260527-WA0026.mp4","1.88"
"video","VID-20260527-WA0129.mp4","updates/VID-20260527-WA0129.mp4","https://media.githubusercontent.com/media/MehAk-ArmAn/BangTan-imgS/main/updates/VID-20260527-WA0129.mp4","1.91"
"video","VID-20260529-WA0007.mp4","updates/VID-20260529-WA0007.mp4","https://media.githubusercontent.com/media/MehAk-ArmAn/BangTan-imgS/main/updates/VID-20260529-WA0007.mp4","6.69"
"image","1000121952.jpeg","updates/insta-post-1/1000121952.jpeg","https://raw.githubusercontent.com/MehAk-ArmAn/BangTan-imgS/main/updates/insta-post-1/1000121952.jpeg","0.15"
"image","1000121953.jpeg","updates/insta-post-1/1000121953.jpeg","https://raw.githubusercontent.com/MehAk-ArmAn/BangTan-imgS/main/updates/insta-post-1/1000121953.jpeg","0.13"
"image","1000121954.jpeg","updates/insta-post-1/1000121954.jpeg","https://raw.githubusercontent.com/MehAk-ArmAn/BangTan-imgS/main/updates/insta-post-1/1000121954.jpeg","0.09"
"image","1000121955.jpeg","updates/insta-post-1/1000121955.jpeg","https://raw.githubusercontent.com/MehAk-ArmAn/BangTan-imgS/main/updates/insta-post-1/1000121955.jpeg","0.08"
"image","1000121956 (1).jpg","updates/insta-post-1/1000121956 (1).jpg","https://raw.githubusercontent.com/MehAk-ArmAn/BangTan-imgS/main/updates/insta-post-1/1000121956%20(1).jpg","0.05"
"image","1000121956.jpg","updates/insta-post-1/1000121956.jpg","https://raw.githubusercontent.com/MehAk-ArmAn/BangTan-imgS/main/updates/insta-post-1/1000121956.jpg","0.05"
"image","1000121957.jpg","updates/insta-post-1/1000121957.jpg","https://raw.githubusercontent.com/MehAk-ArmAn/BangTan-imgS/main/updates/insta-post-1/1000121957.jpg","0.04"
"image","1000121958.jpg","updates/insta-post-1/1000121958.jpg","https://raw.githubusercontent.com/MehAk-ArmAn/BangTan-imgS/main/updates/insta-post-1/1000121958.jpg","0.05"
"image","1000121959.jpg","updates/insta-post-1/1000121959.jpg","https://raw.githubusercontent.com/MehAk-ArmAn/BangTan-imgS/main/updates/insta-post-1/1000121959.jpg","0.05"
"image","1000121960.jpg","updates/insta-post-1/1000121960.jpg","https://raw.githubusercontent.com/MehAk-ArmAn/BangTan-imgS/main/updates/insta-post-1/1000121960.jpg","0.06"
"image","1000121961.jpeg","updates/insta-post-1/1000121961.jpeg","https://raw.githubusercontent.com/MehAk-ArmAn/BangTan-imgS/main/updates/insta-post-1/1000121961.jpeg","0.1"
"image","1000121962.jpg","updates/insta-post-1/1000121962.jpg","https://raw.githubusercontent.com/MehAk-ArmAn/BangTan-imgS/main/updates/insta-post-1/1000121962.jpg","0.04"
"image","Screenshot 2026-05-28 134420.png","website_screenshots/Screenshot 2026-05-28 134420.png","https://raw.githubusercontent.com/MehAk-ArmAn/BangTan-imgS/main/website_screenshots/Screenshot%202026-05-28%20134420.png","0.74"
"image","Screenshot 2026-05-28 134547.png","website_screenshots/Screenshot 2026-05-28 134547.png","https://raw.githubusercontent.com/MehAk-ArmAn/BangTan-imgS/main/website_screenshots/Screenshot%202026-05-28%20134547.png","1.65"
"image","Screenshot 2026-05-28 134626.png","website_screenshots/Screenshot 2026-05-28 134626.png","https://raw.githubusercontent.com/MehAk-ArmAn/BangTan-imgS/main/website_screenshots/Screenshot%202026-05-28%20134626.png","1.7"
"image","Screenshot_2026-05-28-13-41-21-854_com.android.chrome.jpg","website_screenshots/Screenshot_2026-05-28-13-41-21-854_com.android.chrome.jpg","https://raw.githubusercontent.com/MehAk-ArmAn/BangTan-imgS/main/website_screenshots/Screenshot_2026-05-28-13-41-21-854_com.android.chrome.jpg","0.65"
"image","Screenshot_2026-05-28-13-48-22-270_com.android.chrome-edit.jpg","website_screenshots/Screenshot_2026-05-28-13-48-22-270_com.android.chrome-edit.jpg","https://raw.githubusercontent.com/MehAk-ArmAn/BangTan-imgS/main/website_screenshots/Screenshot_2026-05-28-13-48-22-270_com.android.chrome-edit.jpg","1.03"
"image","Screenshot_2026-05-28-13-49-14-396_com.android.chrome-edit.jpg","website_screenshots/Screenshot_2026-05-28-13-49-14-396_com.android.chrome-edit.jpg","https://raw.githubusercontent.com/MehAk-ArmAn/BangTan-imgS/main/website_screenshots/Screenshot_2026-05-28-13-49-14-396_com.android.chrome-edit.jpg","0.77"
"image","Screenshot_2026-05-28-13-50-00-451_com.android.chrome-edit.jpg","website_screenshots/Screenshot_2026-05-28-13-50-00-451_com.android.chrome-edit.jpg","https://raw.githubusercontent.com/MehAk-ArmAn/BangTan-imgS/main/website_screenshots/Screenshot_2026-05-28-13-50-00-451_com.android.chrome-edit.jpg","0.71"
"image","Screenshot_2026-05-28-13-50-16-182_com.android.chrome-edit.jpg","website_screenshots/Screenshot_2026-05-28-13-50-16-182_com.android.chrome-edit.jpg","https://raw.githubusercontent.com/MehAk-ArmAn/BangTan-imgS/main/website_screenshots/Screenshot_2026-05-28-13-50-16-182_com.android.chrome-edit.jpg","0.35"
"image","Screenshot_2026-05-28-13-51-30-542_com.android.chrome-edit.jpg","website_screenshots/Screenshot_2026-05-28-13-51-30-542_com.android.chrome-edit.jpg","https://raw.githubusercontent.com/MehAk-ArmAn/BangTan-imgS/main/website_screenshots/Screenshot_2026-05-28-13-51-30-542_com.android.chrome-edit.jpg","0.32"
"image","Screenshot_2026-05-28-13-51-46-185_com.android.chrome-edit.jpg","website_screenshots/Screenshot_2026-05-28-13-51-46-185_com.android.chrome-edit.jpg","https://raw.githubusercontent.com/MehAk-ArmAn/BangTan-imgS/main/website_screenshots/Screenshot_2026-05-28-13-51-46-185_com.android.chrome-edit.jpg","0.67"
